order_id,order_date,day_of_week,order_time,branch,order_type,table_number,item_name,customer_rating,category,quantity,unit_price_sar,total_amount_sar,discount_sar,net_amount_sar,payment_method,staff_name
ORD-2026-0001,2026-03-10,Tuesday,21:24,Riyadh Olaya,Delivery,,Cheesecake,5,Desserts,1,30.0,30.0,0.0,30.0,Mada,Omar Salem
ORD-2026-0002,2026-04-13,Monday,20:28,Riyadh Olaya,Takeaway,,Mojito Lime,5,Drinks,3,18.0,54.0,8.1,45.9,Cash,Ahmed Ali
ORD-2026-0003,2026-03-13,Friday,19:44,Riyadh Olaya,Dine-in,4.0,Mojito Lime,3,Drinks,1,18.0,18.0,2.7,15.3,Cash,Omar Salem
ORD-2026-0004,2026-02-06,Friday,19:15,Riyadh Olaya,Takeaway,,Soft Drink,4,Drinks,3,8.0,24.0,3.6,20.4,Mada,Omar Salem
ORD-2026-0005,2026-05-11,Monday,20:06,Riyadh Olaya,Takeaway,,Chocolate Lava Cake,5,Desserts,2,32.0,64.0,0.0,64.0,Cash,Mohammed Khaled
ORD-2026-0006,2026-01-16,Friday,23:37,Jeddah Main,Takeaway,,Cheesecake,4,Desserts,3,30.0,90.0,0.0,90.0,Cash,Sultan Hassan
ORD-2026-0007,2026-03-03,Tuesday,13:46,Riyadh Olaya,Dine-in,10.0,Fresh Orange Juice,5,Drinks,4,16.0,64.0,0.0,64.0,Mada,Fahad Saeed
ORD-2026-0008,2026-06-01,Monday,14:23,Riyadh Olaya,Dine-in,18.0,Fresh Orange Juice,3,Drinks,1,16.0,16.0,1.6,14.4,Cash,Mohammed Khaled
ORD-2026-0009,2026-04-04,Saturday,22:41,Riyadh Olaya,Takeaway,,Burger Beef,3,Main Course,3,45.0,135.0,0.0,135.0,Mada,Sultan Hassan
ORD-2026-0010,2026-01-09,Friday,19:01,Dammam Corniche,Takeaway,,Chocolate Lava Cake,5,Desserts,1,32.0,32.0,4.8,27.2,Credit Card,Ahmed Ali
ORD-2026-0011,2026-02-19,Thursday,21:09,Dammam Corniche,Dine-in,5.0,Cheesecake,3,Desserts,3,30.0,90.0,9.0,81.0,Cash,Ahmed Ali
ORD-2026-0012,2026-06-30,Tuesday,20:41,Riyadh Olaya,Dine-in,12.0,Steak Medium,4,Main Course,3,120.0,360.0,54.0,306.0,Cash,Mohammed Khaled
ORD-2026-0013,2026-01-03,Saturday,14:40,Dammam Corniche,Takeaway,,Chocolate Lava Cake,3,Desserts,2,32.0,64.0,0.0,64.0,Cash,Ahmed Ali
ORD-2026-0014,2026-05-07,Thursday,22:35,Riyadh Olaya,Takeaway,,Chocolate Lava Cake,5,Desserts,3,32.0,96.0,0.0,96.0,Credit Card,Ahmed Ali
ORD-2026-0015,2026-02-18,Wednesday,23:23,Dammam Corniche,Dine-in,17.0,Caesar Salad,3,Appetizers,4,28.0,112.0,0.0,112.0,Mada,Fahad Saeed
ORD-2026-0016,2026-02-07,Saturday,21:23,Dammam Corniche,Delivery,,Cheesecake,5,Desserts,4,30.0,120.0,0.0,120.0,Mada,Omar Salem
ORD-2026-0017,2026-01-02,Friday,19:37,Jeddah Main,Takeaway,,French Fries,2,Appetizers,4,15.0,60.0,6.0,54.0,Mada,Ahmed Ali
ORD-2026-0018,2026-01-09,Friday,19:46,Riyadh Olaya,Dine-in,7.0,Soft Drink,5,Drinks,1,8.0,8.0,1.2,6.8,Mada,Ahmed Ali
ORD-2026-0019,2026-01-19,Monday,14:12,Riyadh Olaya,Dine-in,16.0,Chocolate Lava Cake,3,Desserts,4,32.0,128.0,12.8,115.2,Credit Card,Omar Salem
ORD-2026-0020,2026-01-30,Friday,13:46,Riyadh Olaya,Takeaway,,Dynamite Shrimp,5,Appetizers,1,42.0,42.0,6.3,35.7,Cash,Mohammed Khaled
ORD-2026-0021,2026-03-02,Monday,18:29,Jeddah Main,Delivery,,Fresh Orange Juice,4,Drinks,3,16.0,48.0,4.8,43.2,Cash,Mohammed Khaled
ORD-2026-0022,2026-03-29,Sunday,13:13,Riyadh Olaya,Takeaway,,Chicken Burger,5,Main Course,2,35.0,70.0,0.0,70.0,Credit Card,Sultan Hassan
ORD-2026-0023,2026-04-10,Friday,20:24,Jeddah Main,Dine-in,19.0,Cheesecake,5,Desserts,4,30.0,120.0,0.0,120.0,Mada,Mohammed Khaled
ORD-2026-0024,2026-06-16,Tuesday,18:47,Riyadh Olaya,Delivery,,Chicken Burger,5,Main Course,1,35.0,35.0,0.0,35.0,Mada,Sultan Hassan
ORD-2026-0025,2026-04-07,Tuesday,23:08,Jeddah Main,Takeaway,,French Fries,4,Appetizers,4,15.0,60.0,0.0,60.0,Cash,Fahad Saeed
ORD-2026-0026,2026-03-24,Tuesday,23:23,Riyadh Olaya,Dine-in,11.0,French Fries,4,Appetizers,3,15.0,45.0,0.0,45.0,Credit Card,Fahad Saeed
ORD-2026-0027,2026-01-12,Monday,23:18,Jeddah Main,Dine-in,4.0,Fresh Orange Juice,3,Drinks,2,16.0,32.0,0.0,32.0,Cash,Omar Salem
ORD-2026-0028,2026-05-18,Monday,23:12,Riyadh Olaya,Dine-in,15.0,Caesar Salad,5,Appetizers,2,28.0,56.0,5.6,50.4,Credit Card,Ahmed Ali
ORD-2026-0029,2026-04-08,Wednesday,19:42,Dammam Corniche,Dine-in,13.0,Chocolate Lava Cake,4,Desserts,1,32.0,32.0,0.0,32.0,Cash,Sultan Hassan
ORD-2026-0030,2026-05-09,Saturday,19:29,Riyadh Olaya,Dine-in,20.0,Dynamite Shrimp,5,Appetizers,3,42.0,126.0,18.9,107.1,Cash,Fahad Saeed
ORD-2026-0031,2026-06-29,Monday,18:17,Dammam Corniche,Delivery,,Chicken Burger,4,Main Course,2,35.0,70.0,0.0,70.0,Credit Card,Mohammed Khaled
ORD-2026-0032,2026-06-24,Wednesday,14:30,Jeddah Main,Delivery,,Cheesecake,4,Desserts,2,30.0,60.0,9.0,51.0,Credit Card,Omar Salem
ORD-2026-0033,2026-06-19,Friday,21:02,Jeddah Main,Dine-in,8.0,Burger Beef,5,Main Course,1,45.0,45.0,4.5,40.5,Mada,Sultan Hassan
ORD-2026-0034,2026-04-26,Sunday,14:06,Dammam Corniche,Takeaway,,Soft Drink,3,Drinks,2,8.0,16.0,0.0,16.0,Cash,Fahad Saeed
ORD-2026-0035,2026-05-22,Friday,14:39,Jeddah Main,Dine-in,11.0,Burger Beef,3,Main Course,2,45.0,90.0,0.0,90.0,Mada,Mohammed Khaled
ORD-2026-0036,2026-02-18,Wednesday,12:05,Riyadh Olaya,Delivery,,Steak Medium,5,Main Course,4,120.0,480.0,0.0,480.0,Credit Card,Sultan Hassan
ORD-2026-0037,2026-05-25,Monday,14:21,Dammam Corniche,Dine-in,16.0,Chocolate Lava Cake,4,Desserts,1,32.0,32.0,3.2,28.8,Credit Card,Omar Salem
ORD-2026-0038,2026-06-28,Sunday,21:44,Riyadh Olaya,Delivery,,Burger Beef,5,Main Course,1,45.0,45.0,6.75,38.25,Mada,Sultan Hassan
ORD-2026-0039,2026-06-23,Tuesday,21:37,Riyadh Olaya,Delivery,,French Fries,4,Appetizers,3,15.0,45.0,0.0,45.0,Mada,Fahad Saeed
ORD-2026-0040,2026-04-11,Saturday,19:20,Riyadh Olaya,Takeaway,,Dynamite Shrimp,2,Appetizers,3,42.0,126.0,12.6,113.4,Credit Card,Sultan Hassan
ORD-2026-0041,2026-03-27,Friday,22:21,Dammam Corniche,Dine-in,8.0,French Fries,4,Appetizers,3,15.0,45.0,0.0,45.0,Cash,Mohammed Khaled
ORD-2026-0042,2026-06-09,Tuesday,22:28,Dammam Corniche,Takeaway,,Burger Beef,5,Main Course,3,45.0,135.0,20.25,114.75,Mada,Ahmed Ali
ORD-2026-0043,2026-02-15,Sunday,21:18,Riyadh Olaya,Delivery,,Burger Beef,4,Main Course,2,45.0,90.0,0.0,90.0,Mada,Fahad Saeed
ORD-2026-0044,2026-02-12,Thursday,13:41,Dammam Corniche,Dine-in,19.0,Cheesecake,3,Desserts,1,30.0,30.0,4.5,25.5,Cash,Sultan Hassan
ORD-2026-0045,2026-02-18,Wednesday,18:02,Riyadh Olaya,Takeaway,,Grilled Salmon,3,Main Course,3,85.0,255.0,38.25,216.75,Mada,Mohammed Khaled
ORD-2026-0046,2026-03-31,Tuesday,21:12,Dammam Corniche,Delivery,,Mojito Lime,5,Drinks,4,18.0,72.0,0.0,72.0,Mada,Fahad Saeed
ORD-2026-0047,2026-03-10,Tuesday,14:23,Dammam Corniche,Takeaway,,Cheesecake,4,Desserts,4,30.0,120.0,12.0,108.0,Cash,Fahad Saeed
ORD-2026-0048,2026-03-29,Sunday,21:15,Dammam Corniche,Takeaway,,Chocolate Lava Cake,4,Desserts,1,32.0,32.0,4.8,27.2,Cash,Fahad Saeed
ORD-2026-0049,2026-04-24,Friday,20:37,Dammam Corniche,Dine-in,13.0,Chocolate Lava Cake,3,Desserts,4,32.0,128.0,0.0,128.0,Cash,Ahmed Ali
ORD-2026-0050,2026-02-21,Saturday,20:31,Jeddah Main,Delivery,,Grilled Salmon,5,Main Course,4,85.0,340.0,0.0,340.0,Credit Card,Omar Salem
ORD-2026-0051,2026-05-23,Saturday,13:18,Dammam Corniche,Dine-in,11.0,Mojito Lime,5,Drinks,3,18.0,54.0,0.0,54.0,Mada,Ahmed Ali
ORD-2026-0052,2026-06-05,Friday,14:49,Jeddah Main,Delivery,,Chocolate Lava Cake,4,Desserts,4,32.0,128.0,0.0,128.0,Cash,Mohammed Khaled
ORD-2026-0053,2026-05-18,Monday,12:57,Riyadh Olaya,Takeaway,,Mojito Lime,4,Drinks,4,18.0,72.0,7.2,64.8,Cash,Mohammed Khaled
ORD-2026-0054,2026-05-30,Saturday,13:53,Jeddah Main,Delivery,,Chocolate Lava Cake,5,Desserts,4,32.0,128.0,0.0,128.0,Cash,Ahmed Ali
ORD-2026-0055,2026-04-05,Sunday,22:54,Dammam Corniche,Dine-in,4.0,French Fries,4,Appetizers,2,15.0,30.0,3.0,27.0,Cash,Sultan Hassan
ORD-2026-0056,2026-05-26,Tuesday,21:14,Jeddah Main,Delivery,,Cheesecake,1,Desserts,2,30.0,60.0,0.0,60.0,Mada,Ahmed Ali
ORD-2026-0057,2026-04-05,Sunday,21:56,Riyadh Olaya,Dine-in,13.0,French Fries,5,Appetizers,3,15.0,45.0,4.5,40.5,Cash,Omar Salem
ORD-2026-0058,2026-02-22,Sunday,13:09,Riyadh Olaya,Takeaway,,Caesar Salad,4,Appetizers,1,28.0,28.0,4.2,23.8,Credit Card,Mohammed Khaled
ORD-2026-0059,2026-06-08,Monday,21:31,Dammam Corniche,Dine-in,6.0,French Fries,3,Appetizers,3,15.0,45.0,0.0,45.0,Credit Card,Omar Salem
ORD-2026-0060,2026-03-14,Saturday,22:16,Dammam Corniche,Dine-in,1.0,Soft Drink,4,Drinks,1,8.0,8.0,0.0,8.0,Credit Card,Fahad Saeed
ORD-2026-0061,2026-04-28,Tuesday,14:13,Jeddah Main,Takeaway,,French Fries,4,Appetizers,4,15.0,60.0,0.0,60.0,Mada,Mohammed Khaled
ORD-2026-0062,2026-06-09,Tuesday,23:44,Jeddah Main,Takeaway,,Fresh Orange Juice,5,Drinks,2,16.0,32.0,0.0,32.0,Cash,Mohammed Khaled
ORD-2026-0063,2026-06-24,Wednesday,23:59,Dammam Corniche,Delivery,,Soft Drink,4,Drinks,3,8.0,24.0,0.0,24.0,Mada,Ahmed Ali
ORD-2026-0064,2026-02-25,Wednesday,18:57,Riyadh Olaya,Delivery,,Soft Drink,3,Drinks,3,8.0,24.0,3.6,20.4,Cash,Mohammed Khaled
ORD-2026-0065,2026-01-10,Saturday,19:50,Dammam Corniche,Dine-in,10.0,French Fries,4,Appetizers,3,15.0,45.0,0.0,45.0,Cash,Mohammed Khaled
ORD-2026-0066,2026-05-31,Sunday,13:14,Jeddah Main,Takeaway,,French Fries,5,Appetizers,4,15.0,60.0,9.0,51.0,Cash,Mohammed Khaled
ORD-2026-0067,2026-05-29,Friday,20:59,Riyadh Olaya,Dine-in,8.0,Chicken Burger,2,Main Course,3,35.0,105.0,10.5,94.5,Mada,Sultan Hassan
ORD-2026-0068,2026-04-22,Wednesday,13:28,Dammam Corniche,Delivery,,Chocolate Lava Cake,4,Desserts,2,32.0,64.0,9.6,54.4,Cash,Sultan Hassan
ORD-2026-0069,2026-05-24,Sunday,14:48,Dammam Corniche,Delivery,,Cheesecake,5,Desserts,1,30.0,30.0,0.0,30.0,Cash,Fahad Saeed
ORD-2026-0070,2026-05-21,Thursday,22:54,Riyadh Olaya,Delivery,,Steak Medium,3,Main Course,1,120.0,120.0,18.0,102.0,Mada,Mohammed Khaled
ORD-2026-0071,2026-01-19,Monday,19:44,Jeddah Main,Delivery,,Steak Medium,3,Main Course,2,120.0,240.0,24.0,216.0,Cash,Ahmed Ali
ORD-2026-0072,2026-05-15,Friday,13:17,Jeddah Main,Delivery,,Chicken Burger,3,Main Course,1,35.0,35.0,5.25,29.75,Cash,Fahad Saeed
ORD-2026-0073,2026-06-03,Wednesday,12:13,Riyadh Olaya,Takeaway,,Cheesecake,4,Desserts,2,30.0,60.0,0.0,60.0,Credit Card,Omar Salem
ORD-2026-0074,2026-05-25,Monday,13:40,Riyadh Olaya,Dine-in,7.0,Fresh Orange Juice,4,Drinks,3,16.0,48.0,0.0,48.0,Credit Card,Ahmed Ali
ORD-2026-0075,2026-04-07,Tuesday,21:28,Jeddah Main,Dine-in,1.0,Chicken Burger,2,Main Course,1,35.0,35.0,5.25,29.75,Mada,Fahad Saeed
ORD-2026-0076,2026-02-25,Wednesday,21:49,Riyadh Olaya,Takeaway,,Chicken Burger,5,Main Course,3,35.0,105.0,10.5,94.5,Mada,Ahmed Ali
ORD-2026-0077,2026-04-02,Thursday,22:35,Jeddah Main,Dine-in,18.0,Cheesecake,4,Desserts,4,30.0,120.0,12.0,108.0,Cash,Mohammed Khaled
ORD-2026-0078,2026-03-14,Saturday,12:27,Jeddah Main,Dine-in,1.0,Fresh Orange Juice,5,Drinks,4,16.0,64.0,0.0,64.0,Cash,Sultan Hassan
ORD-2026-0079,2026-04-18,Saturday,23:01,Jeddah Main,Delivery,,Steak Medium,4,Main Course,2,120.0,240.0,0.0,240.0,Credit Card,Fahad Saeed
ORD-2026-0080,2026-05-05,Tuesday,13:28,Dammam Corniche,Takeaway,,Fresh Orange Juice,5,Drinks,2,16.0,32.0,0.0,32.0,Mada,Sultan Hassan
ORD-2026-0081,2026-06-04,Thursday,13:24,Riyadh Olaya,Dine-in,7.0,Soft Drink,5,Drinks,2,8.0,16.0,0.0,16.0,Credit Card,Fahad Saeed
ORD-2026-0082,2026-06-17,Wednesday,13:20,Riyadh Olaya,Takeaway,,Cheesecake,4,Desserts,4,30.0,120.0,18.0,102.0,Mada,Sultan Hassan
ORD-2026-0083,2026-02-17,Tuesday,23:47,Riyadh Olaya,Delivery,,Chocolate Lava Cake,3,Desserts,1,32.0,32.0,3.2,28.8,Mada,Sultan Hassan
ORD-2026-0084,2026-01-04,Sunday,19:05,Jeddah Main,Takeaway,,Chicken Burger,1,Main Course,2,35.0,70.0,7.0,63.0,Cash,Fahad Saeed
ORD-2026-0085,2026-04-07,Tuesday,22:10,Jeddah Main,Takeaway,,French Fries,3,Appetizers,3,15.0,45.0,6.75,38.25,Mada,Sultan Hassan
ORD-2026-0086,2026-03-18,Wednesday,14:47,Jeddah Main,Takeaway,,Steak Medium,3,Main Course,2,120.0,240.0,24.0,216.0,Mada,Ahmed Ali
ORD-2026-0087,2026-06-28,Sunday,18:35,Riyadh Olaya,Takeaway,,Fresh Orange Juice,5,Drinks,4,16.0,64.0,0.0,64.0,Cash,Omar Salem
ORD-2026-0088,2026-06-29,Monday,23:24,Riyadh Olaya,Takeaway,,Fresh Orange Juice,3,Drinks,3,16.0,48.0,0.0,48.0,Credit Card,Mohammed Khaled
ORD-2026-0089,2026-03-12,Thursday,21:53,Dammam Corniche,Delivery,,Soft Drink,2,Drinks,4,8.0,32.0,4.8,27.2,Cash,Ahmed Ali
ORD-2026-0090,2026-03-15,Sunday,18:41,Jeddah Main,Delivery,,Dynamite Shrimp,5,Appetizers,3,42.0,126.0,18.9,107.1,Mada,Ahmed Ali
ORD-2026-0091,2026-05-16,Saturday,18:35,Riyadh Olaya,Takeaway,,Chicken Burger,4,Main Course,2,35.0,70.0,7.0,63.0,Cash,Sultan Hassan
ORD-2026-0092,2026-05-13,Wednesday,21:35,Jeddah Main,Takeaway,,Chocolate Lava Cake,5,Desserts,2,32.0,64.0,9.6,54.4,Credit Card,Sultan Hassan
ORD-2026-0093,2026-01-21,Wednesday,14:06,Riyadh Olaya,Dine-in,14.0,Chocolate Lava Cake,5,Desserts,3,32.0,96.0,14.4,81.6,Credit Card,Mohammed Khaled
ORD-2026-0094,2026-04-12,Sunday,18:17,Riyadh Olaya,Dine-in,2.0,French Fries,5,Appetizers,2,15.0,30.0,4.5,25.5,Cash,Ahmed Ali
ORD-2026-0095,2026-05-09,Saturday,21:11,Jeddah Main,Takeaway,,French Fries,3,Appetizers,3,15.0,45.0,4.5,40.5,Mada,Sultan Hassan
ORD-2026-0096,2026-06-30,Tuesday,23:15,Riyadh Olaya,Takeaway,,French Fries,5,Appetizers,1,15.0,15.0,1.5,13.5,Credit Card,Ahmed Ali
ORD-2026-0097,2026-04-02,Thursday,22:12,Dammam Corniche,Takeaway,,Caesar Salad,5,Appetizers,3,28.0,84.0,0.0,84.0,Credit Card,Omar Salem
ORD-2026-0098,2026-02-01,Sunday,19:37,Jeddah Main,Takeaway,,Cheesecake,4,Desserts,1,30.0,30.0,3.0,27.0,Mada,Ahmed Ali
ORD-2026-0099,2026-05-15,Friday,14:11,Riyadh Olaya,Takeaway,,Burger Beef,4,Main Course,1,45.0,45.0,4.5,40.5,Cash,Sultan Hassan
ORD-2026-0100,2026-01-29,Thursday,22:20,Jeddah Main,Takeaway,,Chicken Burger,5,Main Course,4,35.0,140.0,0.0,140.0,Credit Card,Omar Salem
ORD-2026-0101,2026-03-30,Monday,23:55,Dammam Corniche,Dine-in,15.0,Cheesecake,4,Desserts,3,30.0,90.0,0.0,90.0,Credit Card,Sultan Hassan
ORD-2026-0102,2026-03-27,Friday,14:51,Dammam Corniche,Takeaway,,Cheesecake,5,Desserts,2,30.0,60.0,0.0,60.0,Cash,Fahad Saeed
ORD-2026-0103,2026-06-10,Wednesday,18:21,Dammam Corniche,Dine-in,4.0,Dynamite Shrimp,5,Appetizers,4,42.0,168.0,25.2,142.8,Mada,Fahad Saeed
ORD-2026-0104,2026-03-05,Thursday,19:53,Riyadh Olaya,Delivery,,Mojito Lime,2,Drinks,4,18.0,72.0,7.2,64.8,Mada,Omar Salem
ORD-2026-0105,2026-01-24,Saturday,21:23,Dammam Corniche,Delivery,,Chocolate Lava Cake,5,Desserts,3,32.0,96.0,0.0,96.0,Credit Card,Sultan Hassan
ORD-2026-0106,2026-04-21,Tuesday,18:57,Dammam Corniche,Delivery,,Fresh Orange Juice,5,Drinks,1,16.0,16.0,0.0,16.0,Credit Card,Ahmed Ali
ORD-2026-0107,2026-06-27,Saturday,13:29,Riyadh Olaya,Dine-in,20.0,Grilled Salmon,4,Main Course,4,85.0,340.0,0.0,340.0,Mada,Omar Salem
ORD-2026-0108,2026-04-12,Sunday,23:39,Dammam Corniche,Takeaway,,Mojito Lime,5,Drinks,2,18.0,36.0,0.0,36.0,Credit Card,Fahad Saeed
ORD-2026-0109,2026-03-28,Saturday,13:21,Jeddah Main,Delivery,,Soft Drink,5,Drinks,3,8.0,24.0,0.0,24.0,Credit Card,Ahmed Ali
ORD-2026-0110,2026-01-05,Monday,20:50,Riyadh Olaya,Takeaway,,Caesar Salad,5,Appetizers,4,28.0,112.0,0.0,112.0,Cash,Omar Salem
ORD-2026-0111,2026-01-28,Wednesday,23:43,Riyadh Olaya,Dine-in,5.0,Dynamite Shrimp,4,Appetizers,2,42.0,84.0,8.4,75.6,Credit Card,Omar Salem
ORD-2026-0112,2026-02-27,Friday,22:41,Dammam Corniche,Takeaway,,Steak Medium,5,Main Course,4,120.0,480.0,48.0,432.0,Mada,Mohammed Khaled
ORD-2026-0113,2026-06-15,Monday,20:23,Riyadh Olaya,Dine-in,8.0,French Fries,5,Appetizers,3,15.0,45.0,6.75,38.25,Cash,Ahmed Ali
ORD-2026-0114,2026-05-02,Saturday,12:14,Riyadh Olaya,Takeaway,,Chicken Burger,3,Main Course,2,35.0,70.0,0.0,70.0,Mada,Ahmed Ali
ORD-2026-0115,2026-03-13,Friday,14:20,Riyadh Olaya,Dine-in,20.0,Cheesecake,2,Desserts,4,30.0,120.0,0.0,120.0,Credit Card,Omar Salem
ORD-2026-0116,2026-04-03,Friday,12:47,Jeddah Main,Delivery,,Cheesecake,5,Desserts,3,30.0,90.0,9.0,81.0,Mada,Ahmed Ali
ORD-2026-0117,2026-06-04,Thursday,12:16,Dammam Corniche,Takeaway,,Grilled Salmon,4,Main Course,1,85.0,85.0,12.75,72.25,Cash,Fahad Saeed
ORD-2026-0118,2026-05-04,Monday,20:17,Jeddah Main,Takeaway,,French Fries,5,Appetizers,4,15.0,60.0,9.0,51.0,Credit Card,Mohammed Khaled
ORD-2026-0119,2026-06-03,Wednesday,13:36,Dammam Corniche,Delivery,,Fresh Orange Juice,5,Drinks,4,16.0,64.0,9.6,54.4,Mada,Mohammed Khaled
ORD-2026-0120,2026-01-19,Monday,20:07,Riyadh Olaya,Dine-in,17.0,Steak Medium,3,Main Course,2,120.0,240.0,0.0,240.0,Credit Card,Sultan Hassan
ORD-2026-0121,2026-01-17,Saturday,20:13,Dammam Corniche,Takeaway,,Chocolate Lava Cake,5,Desserts,1,32.0,32.0,0.0,32.0,Cash,Fahad Saeed
ORD-2026-0122,2026-03-29,Sunday,14:50,Jeddah Main,Delivery,,Chicken Burger,4,Main Course,3,35.0,105.0,0.0,105.0,Credit Card,Ahmed Ali
ORD-2026-0123,2026-01-15,Thursday,20:05,Riyadh Olaya,Dine-in,11.0,Cheesecake,4,Desserts,3,30.0,90.0,0.0,90.0,Cash,Omar Salem
ORD-2026-0124,2026-05-23,Saturday,12:18,Riyadh Olaya,Takeaway,,Mojito Lime,2,Drinks,2,18.0,36.0,5.4,30.6,Cash,Ahmed Ali
ORD-2026-0125,2026-05-03,Sunday,23:14,Jeddah Main,Dine-in,19.0,Chocolate Lava Cake,5,Desserts,2,32.0,64.0,0.0,64.0,Credit Card,Ahmed Ali
ORD-2026-0126,2026-02-01,Sunday,18:53,Riyadh Olaya,Takeaway,,French Fries,4,Appetizers,4,15.0,60.0,6.0,54.0,Mada,Mohammed Khaled
ORD-2026-0127,2026-04-13,Monday,21:10,Dammam Corniche,Takeaway,,Fresh Orange Juice,5,Drinks,1,16.0,16.0,1.6,14.4,Credit Card,Ahmed Ali
ORD-2026-0128,2026-05-02,Saturday,23:38,Riyadh Olaya,Delivery,,Mojito Lime,3,Drinks,3,18.0,54.0,0.0,54.0,Credit Card,Sultan Hassan
ORD-2026-0129,2026-01-22,Thursday,18:15,Riyadh Olaya,Takeaway,,Cheesecake,3,Desserts,3,30.0,90.0,0.0,90.0,Mada,Mohammed Khaled
ORD-2026-0130,2026-03-22,Sunday,13:51,Riyadh Olaya,Takeaway,,Grilled Salmon,3,Main Course,1,85.0,85.0,0.0,85.0,Cash,Mohammed Khaled
ORD-2026-0131,2026-06-21,Sunday,13:22,Jeddah Main,Dine-in,17.0,Dynamite Shrimp,2,Appetizers,2,42.0,84.0,12.6,71.4,Mada,Omar Salem
ORD-2026-0132,2026-03-29,Sunday,19:17,Dammam Corniche,Dine-in,13.0,Chocolate Lava Cake,4,Desserts,4,32.0,128.0,12.8,115.2,Credit Card,Fahad Saeed
ORD-2026-0133,2026-02-17,Tuesday,19:28,Dammam Corniche,Takeaway,,Grilled Salmon,5,Main Course,2,85.0,170.0,0.0,170.0,Mada,Ahmed Ali
ORD-2026-0134,2026-06-20,Saturday,23:34,Riyadh Olaya,Dine-in,14.0,Caesar Salad,5,Appetizers,4,28.0,112.0,0.0,112.0,Mada,Sultan Hassan
ORD-2026-0135,2026-05-15,Friday,14:00,Jeddah Main,Delivery,,Caesar Salad,4,Appetizers,1,28.0,28.0,4.2,23.8,Mada,Mohammed Khaled
ORD-2026-0136,2026-05-10,Sunday,20:09,Riyadh Olaya,Dine-in,11.0,French Fries,2,Appetizers,4,15.0,60.0,0.0,60.0,Credit Card,Omar Salem
ORD-2026-0137,2026-05-13,Wednesday,18:52,Jeddah Main,Delivery,,Steak Medium,4,Main Course,2,120.0,240.0,0.0,240.0,Credit Card,Mohammed Khaled
ORD-2026-0138,2026-05-24,Sunday,23:01,Riyadh Olaya,Takeaway,,Grilled Salmon,4,Main Course,4,85.0,340.0,0.0,340.0,Credit Card,Fahad Saeed
ORD-2026-0139,2026-05-23,Saturday,13:27,Jeddah Main,Dine-in,7.0,Cheesecake,4,Desserts,2,30.0,60.0,0.0,60.0,Credit Card,Sultan Hassan
ORD-2026-0140,2026-04-22,Wednesday,20:18,Jeddah Main,Delivery,,Soft Drink,3,Drinks,4,8.0,32.0,0.0,32.0,Credit Card,Ahmed Ali
ORD-2026-0141,2026-04-26,Sunday,23:34,Riyadh Olaya,Dine-in,6.0,French Fries,5,Appetizers,4,15.0,60.0,9.0,51.0,Cash,Fahad Saeed
ORD-2026-0142,2026-02-18,Wednesday,22:04,Dammam Corniche,Takeaway,,Caesar Salad,5,Appetizers,4,28.0,112.0,11.2,100.8,Cash,Omar Salem
ORD-2026-0143,2026-06-30,Tuesday,19:09,Dammam Corniche,Delivery,,Chocolate Lava Cake,3,Desserts,3,32.0,96.0,0.0,96.0,Cash,Sultan Hassan
ORD-2026-0144,2026-01-31,Saturday,12:09,Jeddah Main,Delivery,,Fresh Orange Juice,3,Drinks,3,16.0,48.0,0.0,48.0,Mada,Omar Salem
ORD-2026-0145,2026-02-14,Saturday,14:13,Dammam Corniche,Delivery,,Cheesecake,5,Desserts,1,30.0,30.0,0.0,30.0,Mada,Mohammed Khaled
ORD-2026-0146,2026-02-10,Tuesday,19:12,Jeddah Main,Dine-in,17.0,Grilled Salmon,4,Main Course,4,85.0,340.0,34.0,306.0,Mada,Mohammed Khaled
ORD-2026-0147,2026-03-11,Wednesday,12:51,Dammam Corniche,Dine-in,12.0,Burger Beef,5,Main Course,3,45.0,135.0,0.0,135.0,Mada,Mohammed Khaled
ORD-2026-0148,2026-05-20,Wednesday,23:43,Dammam Corniche,Dine-in,7.0,Fresh Orange Juice,3,Drinks,4,16.0,64.0,9.6,54.4,Mada,Ahmed Ali
ORD-2026-0149,2026-06-05,Friday,20:18,Riyadh Olaya,Takeaway,,Dynamite Shrimp,4,Appetizers,4,42.0,168.0,0.0,168.0,Mada,Ahmed Ali
ORD-2026-0150,2026-03-30,Monday,19:54,Riyadh Olaya,Delivery,,Steak Medium,5,Main Course,2,120.0,240.0,24.0,216.0,Mada,Sultan Hassan
ORD-2026-0151,2026-02-21,Saturday,12:22,Dammam Corniche,Dine-in,8.0,Dynamite Shrimp,3,Appetizers,4,42.0,168.0,16.8,151.2,Cash,Ahmed Ali
ORD-2026-0152,2026-05-27,Wednesday,13:06,Jeddah Main,Dine-in,10.0,Dynamite Shrimp,3,Appetizers,4,42.0,168.0,25.2,142.8,Credit Card,Fahad Saeed
ORD-2026-0153,2026-04-15,Wednesday,12:44,Riyadh Olaya,Delivery,,Chicken Burger,5,Main Course,1,35.0,35.0,0.0,35.0,Mada,Ahmed Ali
ORD-2026-0154,2026-02-02,Monday,20:03,Dammam Corniche,Dine-in,19.0,Mojito Lime,5,Drinks,2,18.0,36.0,5.4,30.6,Mada,Omar Salem
ORD-2026-0155,2026-01-30,Friday,21:40,Riyadh Olaya,Delivery,,Dynamite Shrimp,5,Appetizers,3,42.0,126.0,12.6,113.4,Credit Card,Sultan Hassan
ORD-2026-0156,2026-02-01,Sunday,21:51,Jeddah Main,Takeaway,,French Fries,4,Appetizers,4,15.0,60.0,0.0,60.0,Cash,Mohammed Khaled
ORD-2026-0157,2026-06-06,Saturday,19:19,Riyadh Olaya,Dine-in,16.0,Chicken Burger,1,Main Course,4,35.0,140.0,0.0,140.0,Credit Card,Omar Salem
ORD-2026-0158,2026-06-26,Friday,20:27,Jeddah Main,Dine-in,20.0,Mojito Lime,5,Drinks,2,18.0,36.0,0.0,36.0,Credit Card,Omar Salem
ORD-2026-0159,2026-06-19,Friday,12:15,Jeddah Main,Delivery,,Grilled Salmon,4,Main Course,1,85.0,85.0,12.75,72.25,Cash,Fahad Saeed
ORD-2026-0160,2026-01-17,Saturday,12:26,Riyadh Olaya,Delivery,,French Fries,5,Appetizers,3,15.0,45.0,0.0,45.0,Credit Card,Sultan Hassan
ORD-2026-0161,2026-03-25,Wednesday,20:08,Dammam Corniche,Dine-in,19.0,Fresh Orange Juice,4,Drinks,3,16.0,48.0,7.2,40.8,Mada,Sultan Hassan
ORD-2026-0162,2026-02-21,Saturday,13:58,Riyadh Olaya,Delivery,,Cheesecake,5,Desserts,1,30.0,30.0,3.0,27.0,Credit Card,Sultan Hassan
ORD-2026-0163,2026-01-12,Monday,12:50,Dammam Corniche,Dine-in,10.0,Grilled Salmon,3,Main Course,2,85.0,170.0,25.5,144.5,Credit Card,Omar Salem
ORD-2026-0164,2026-05-20,Wednesday,21:09,Jeddah Main,Takeaway,,Fresh Orange Juice,5,Drinks,2,16.0,32.0,0.0,32.0,Cash,Sultan Hassan
ORD-2026-0165,2026-06-20,Saturday,19:07,Jeddah Main,Takeaway,,Dynamite Shrimp,4,Appetizers,2,42.0,84.0,12.6,71.4,Credit Card,Fahad Saeed
ORD-2026-0166,2026-03-14,Saturday,21:14,Jeddah Main,Delivery,,Chicken Burger,3,Main Course,4,35.0,140.0,0.0,140.0,Credit Card,Fahad Saeed
ORD-2026-0167,2026-06-11,Thursday,14:41,Dammam Corniche,Dine-in,9.0,Burger Beef,5,Main Course,2,45.0,90.0,0.0,90.0,Credit Card,Mohammed Khaled
ORD-2026-0168,2026-03-08,Sunday,20:44,Jeddah Main,Takeaway,,Mojito Lime,4,Drinks,3,18.0,54.0,0.0,54.0,Cash,Fahad Saeed
ORD-2026-0169,2026-01-30,Friday,21:28,Riyadh Olaya,Takeaway,,French Fries,3,Appetizers,4,15.0,60.0,6.0,54.0,Cash,Mohammed Khaled
ORD-2026-0170,2026-03-09,Monday,20:00,Jeddah Main,Delivery,,Dynamite Shrimp,4,Appetizers,4,42.0,168.0,16.8,151.2,Cash,Sultan Hassan
ORD-2026-0171,2026-06-08,Monday,14:01,Riyadh Olaya,Takeaway,,Cheesecake,5,Desserts,3,30.0,90.0,13.5,76.5,Credit Card,Omar Salem
ORD-2026-0172,2026-04-09,Thursday,21:38,Riyadh Olaya,Dine-in,12.0,Mojito Lime,4,Drinks,1,18.0,18.0,0.0,18.0,Mada,Fahad Saeed
ORD-2026-0173,2026-05-12,Tuesday,18:18,Riyadh Olaya,Takeaway,,Fresh Orange Juice,4,Drinks,1,16.0,16.0,0.0,16.0,Mada,Ahmed Ali
ORD-2026-0174,2026-05-24,Sunday,20:21,Jeddah Main,Dine-in,13.0,Cheesecake,5,Desserts,2,30.0,60.0,0.0,60.0,Mada,Fahad Saeed
ORD-2026-0175,2026-04-04,Saturday,13:55,Jeddah Main,Delivery,,Chocolate Lava Cake,3,Desserts,1,32.0,32.0,4.8,27.2,Credit Card,Omar Salem
ORD-2026-0176,2026-02-19,Thursday,13:27,Riyadh Olaya,Dine-in,9.0,Grilled Salmon,5,Main Course,2,85.0,170.0,25.5,144.5,Mada,Omar Salem
ORD-2026-0177,2026-06-14,Sunday,18:44,Riyadh Olaya,Takeaway,,Soft Drink,4,Drinks,2,8.0,16.0,1.6,14.4,Mada,Fahad Saeed
ORD-2026-0178,2026-04-11,Saturday,20:46,Riyadh Olaya,Dine-in,15.0,Mojito Lime,5,Drinks,2,18.0,36.0,0.0,36.0,Credit Card,Ahmed Ali
ORD-2026-0179,2026-03-24,Tuesday,12:21,Dammam Corniche,Dine-in,12.0,Fresh Orange Juice,4,Drinks,3,16.0,48.0,4.8,43.2,Cash,Ahmed Ali
ORD-2026-0180,2026-02-07,Saturday,20:46,Jeddah Main,Takeaway,,Steak Medium,4,Main Course,3,120.0,360.0,36.0,324.0,Mada,Sultan Hassan
ORD-2026-0181,2026-04-12,Sunday,18:57,Dammam Corniche,Dine-in,11.0,Fresh Orange Juice,5,Drinks,3,16.0,48.0,4.8,43.2,Mada,Mohammed Khaled
ORD-2026-0182,2026-06-29,Monday,19:46,Riyadh Olaya,Delivery,,Fresh Orange Juice,4,Drinks,3,16.0,48.0,0.0,48.0,Cash,Mohammed Khaled
ORD-2026-0183,2026-02-04,Wednesday,23:43,Dammam Corniche,Takeaway,,Soft Drink,4,Drinks,4,8.0,32.0,0.0,32.0,Cash,Fahad Saeed
ORD-2026-0184,2026-06-01,Monday,12:35,Dammam Corniche,Takeaway,,Cheesecake,3,Desserts,4,30.0,120.0,0.0,120.0,Cash,Omar Salem
ORD-2026-0185,2026-03-01,Sunday,18:42,Dammam Corniche,Dine-in,7.0,Chocolate Lava Cake,5,Desserts,4,32.0,128.0,12.8,115.2,Cash,Omar Salem
ORD-2026-0186,2026-02-21,Saturday,23:57,Jeddah Main,Delivery,,Grilled Salmon,4,Main Course,3,85.0,255.0,38.25,216.75,Cash,Omar Salem
ORD-2026-0187,2026-04-20,Monday,18:30,Jeddah Main,Delivery,,Steak Medium,4,Main Course,1,120.0,120.0,18.0,102.0,Credit Card,Ahmed Ali
ORD-2026-0188,2026-05-12,Tuesday,22:35,Riyadh Olaya,Takeaway,,Dynamite Shrimp,5,Appetizers,3,42.0,126.0,12.6,113.4,Cash,Mohammed Khaled
ORD-2026-0189,2026-06-16,Tuesday,23:24,Jeddah Main,Dine-in,7.0,Chocolate Lava Cake,5,Desserts,4,32.0,128.0,12.8,115.2,Credit Card,Fahad Saeed
ORD-2026-0190,2026-01-19,Monday,13:52,Riyadh Olaya,Delivery,,Dynamite Shrimp,4,Appetizers,4,42.0,168.0,25.2,142.8,Cash,Ahmed Ali
ORD-2026-0191,2026-02-10,Tuesday,22:38,Riyadh Olaya,Delivery,,Fresh Orange Juice,4,Drinks,3,16.0,48.0,7.2,40.8,Credit Card,Omar Salem
ORD-2026-0192,2026-05-22,Friday,12:49,Dammam Corniche,Delivery,,Steak Medium,4,Main Course,2,120.0,240.0,0.0,240.0,Cash,Ahmed Ali
ORD-2026-0193,2026-01-22,Thursday,19:38,Dammam Corniche,Delivery,,Chocolate Lava Cake,5,Desserts,1,32.0,32.0,3.2,28.8,Mada,Omar Salem
ORD-2026-0194,2026-06-12,Friday,19:09,Dammam Corniche,Dine-in,11.0,Chicken Burger,2,Main Course,4,35.0,140.0,21.0,119.0,Mada,Ahmed Ali
ORD-2026-0195,2026-01-07,Wednesday,20:25,Riyadh Olaya,Delivery,,Chicken Burger,5,Main Course,4,35.0,140.0,14.0,126.0,Mada,Fahad Saeed
ORD-2026-0196,2026-05-10,Sunday,23:51,Riyadh Olaya,Dine-in,5.0,Chocolate Lava Cake,2,Desserts,4,32.0,128.0,19.2,108.8,Mada,Mohammed Khaled
ORD-2026-0197,2026-06-26,Friday,23:55,Riyadh Olaya,Takeaway,,Burger Beef,4,Main Course,4,45.0,180.0,27.0,153.0,Cash,Ahmed Ali
ORD-2026-0198,2026-06-28,Sunday,21:43,Jeddah Main,Delivery,,Chocolate Lava Cake,3,Desserts,4,32.0,128.0,0.0,128.0,Credit Card,Sultan Hassan
ORD-2026-0199,2026-06-17,Wednesday,14:41,Dammam Corniche,Takeaway,,Cheesecake,5,Desserts,4,30.0,120.0,12.0,108.0,Cash,Mohammed Khaled
ORD-2026-0200,2026-02-21,Saturday,12:45,Jeddah Main,Dine-in,11.0,Chocolate Lava Cake,3,Desserts,2,32.0,64.0,0.0,64.0,Mada,Ahmed Ali
ORD-2026-0201,2026-02-06,Friday,12:18,Jeddah Main,Dine-in,7.0,Chocolate Lava Cake,5,Desserts,1,32.0,32.0,4.8,27.2,Credit Card,Ahmed Ali
ORD-2026-0202,2026-04-04,Saturday,18:45,Jeddah Main,Delivery,,Cheesecake,5,Desserts,3,30.0,90.0,13.5,76.5,Mada,Fahad Saeed
ORD-2026-0203,2026-06-30,Tuesday,12:31,Dammam Corniche,Takeaway,,Chocolate Lava Cake,5,Desserts,3,32.0,96.0,9.6,86.4,Cash,Omar Salem
ORD-2026-0204,2026-04-10,Friday,13:43,Jeddah Main,Takeaway,,Chicken Burger,5,Main Course,1,35.0,35.0,0.0,35.0,Cash,Ahmed Ali
ORD-2026-0205,2026-04-20,Monday,19:12,Riyadh Olaya,Dine-in,11.0,Steak Medium,4,Main Course,1,120.0,120.0,0.0,120.0,Mada,Omar Salem
ORD-2026-0206,2026-01-24,Saturday,12:08,Riyadh Olaya,Takeaway,,Chocolate Lava Cake,5,Desserts,3,32.0,96.0,0.0,96.0,Mada,Mohammed Khaled
ORD-2026-0207,2026-02-10,Tuesday,12:56,Jeddah Main,Takeaway,,French Fries,4,Appetizers,4,15.0,60.0,0.0,60.0,Credit Card,Ahmed Ali
ORD-2026-0208,2026-03-07,Saturday,19:04,Jeddah Main,Takeaway,,Chocolate Lava Cake,1,Desserts,4,32.0,128.0,12.8,115.2,Cash,Fahad Saeed
ORD-2026-0209,2026-03-17,Tuesday,14:14,Dammam Corniche,Delivery,,Chocolate Lava Cake,3,Desserts,2,32.0,64.0,0.0,64.0,Mada,Sultan Hassan
ORD-2026-0210,2026-01-12,Monday,19:52,Jeddah Main,Takeaway,,Cheesecake,5,Desserts,2,30.0,60.0,0.0,60.0,Credit Card,Fahad Saeed
ORD-2026-0211,2026-05-30,Saturday,22:08,Jeddah Main,Takeaway,,Fresh Orange Juice,5,Drinks,1,16.0,16.0,0.0,16.0,Mada,Ahmed Ali
ORD-2026-0212,2026-01-07,Wednesday,22:59,Riyadh Olaya,Dine-in,6.0,Grilled Salmon,5,Main Course,1,85.0,85.0,0.0,85.0,Cash,Fahad Saeed
ORD-2026-0213,2026-06-07,Sunday,23:11,Jeddah Main,Dine-in,12.0,Chicken Burger,5,Main Course,4,35.0,140.0,0.0,140.0,Mada,Ahmed Ali
ORD-2026-0214,2026-04-04,Saturday,13:26,Dammam Corniche,Takeaway,,Grilled Salmon,3,Main Course,3,85.0,255.0,38.25,216.75,Mada,Ahmed Ali
ORD-2026-0215,2026-01-15,Thursday,19:02,Jeddah Main,Delivery,,Mojito Lime,5,Drinks,3,18.0,54.0,0.0,54.0,Credit Card,Sultan Hassan
ORD-2026-0216,2026-05-12,Tuesday,21:56,Jeddah Main,Delivery,,Soft Drink,4,Drinks,3,8.0,24.0,2.4,21.6,Credit Card,Omar Salem
ORD-2026-0217,2026-04-16,Thursday,22:51,Jeddah Main,Dine-in,10.0,Steak Medium,5,Main Course,2,120.0,240.0,0.0,240.0,Mada,Fahad Saeed
ORD-2026-0218,2026-02-20,Friday,13:46,Jeddah Main,Delivery,,Dynamite Shrimp,2,Appetizers,2,42.0,84.0,0.0,84.0,Cash,Fahad Saeed
ORD-2026-0219,2026-05-27,Wednesday,20:38,Jeddah Main,Dine-in,12.0,Dynamite Shrimp,4,Appetizers,2,42.0,84.0,8.4,75.6,Credit Card,Omar Salem
ORD-2026-0220,2026-01-26,Monday,18:33,Riyadh Olaya,Dine-in,4.0,Steak Medium,5,Main Course,3,120.0,360.0,0.0,360.0,Cash,Fahad Saeed
ORD-2026-0221,2026-05-11,Monday,22:40,Riyadh Olaya,Takeaway,,Chocolate Lava Cake,4,Desserts,2,32.0,64.0,0.0,64.0,Mada,Sultan Hassan
ORD-2026-0222,2026-05-05,Tuesday,22:33,Riyadh Olaya,Delivery,,Burger Beef,5,Main Course,2,45.0,90.0,13.5,76.5,Mada,Omar Salem
ORD-2026-0223,2026-03-17,Tuesday,23:38,Riyadh Olaya,Delivery,,Chocolate Lava Cake,1,Desserts,4,32.0,128.0,12.8,115.2,Mada,Ahmed Ali
ORD-2026-0224,2026-02-05,Thursday,20:45,Jeddah Main,Dine-in,12.0,Chicken Burger,3,Main Course,2,35.0,70.0,0.0,70.0,Credit Card,Fahad Saeed
ORD-2026-0225,2026-01-16,Friday,13:00,Riyadh Olaya,Takeaway,,Mojito Lime,4,Drinks,4,18.0,72.0,0.0,72.0,Cash,Omar Salem
ORD-2026-0226,2026-02-04,Wednesday,21:49,Dammam Corniche,Dine-in,11.0,Dynamite Shrimp,5,Appetizers,1,42.0,42.0,6.3,35.7,Cash,Ahmed Ali
ORD-2026-0227,2026-05-23,Saturday,21:59,Riyadh Olaya,Dine-in,3.0,Fresh Orange Juice,2,Drinks,4,16.0,64.0,6.4,57.6,Mada,Fahad Saeed
ORD-2026-0228,2026-01-15,Thursday,18:10,Dammam Corniche,Delivery,,Cheesecake,2,Desserts,2,30.0,60.0,9.0,51.0,Mada,Ahmed Ali
ORD-2026-0229,2026-05-10,Sunday,14:57,Riyadh Olaya,Delivery,,Grilled Salmon,4,Main Course,4,85.0,340.0,0.0,340.0,Mada,Sultan Hassan
ORD-2026-0230,2026-06-30,Tuesday,18:23,Riyadh Olaya,Dine-in,13.0,Steak Medium,1,Main Course,2,120.0,240.0,0.0,240.0,Mada,Omar Salem
ORD-2026-0231,2026-02-23,Monday,21:38,Jeddah Main,Delivery,,Steak Medium,2,Main Course,1,120.0,120.0,0.0,120.0,Credit Card,Ahmed Ali
ORD-2026-0232,2026-01-20,Tuesday,14:52,Jeddah Main,Takeaway,,Fresh Orange Juice,5,Drinks,3,16.0,48.0,7.2,40.8,Credit Card,Ahmed Ali
ORD-2026-0233,2026-06-10,Wednesday,14:05,Dammam Corniche,Takeaway,,Steak Medium,2,Main Course,3,120.0,360.0,54.0,306.0,Mada,Sultan Hassan
ORD-2026-0234,2026-06-20,Saturday,13:35,Dammam Corniche,Dine-in,19.0,Dynamite Shrimp,5,Appetizers,3,42.0,126.0,0.0,126.0,Credit Card,Fahad Saeed
ORD-2026-0235,2026-01-21,Wednesday,12:36,Dammam Corniche,Delivery,,Chicken Burger,3,Main Course,1,35.0,35.0,0.0,35.0,Mada,Ahmed Ali
ORD-2026-0236,2026-06-05,Friday,22:55,Jeddah Main,Dine-in,12.0,Soft Drink,5,Drinks,1,8.0,8.0,0.0,8.0,Credit Card,Mohammed Khaled
ORD-2026-0237,2026-05-12,Tuesday,14:38,Jeddah Main,Delivery,,Soft Drink,5,Drinks,1,8.0,8.0,0.0,8.0,Credit Card,Omar Salem
ORD-2026-0238,2026-06-25,Thursday,21:34,Riyadh Olaya,Dine-in,4.0,Cheesecake,3,Desserts,1,30.0,30.0,0.0,30.0,Credit Card,Omar Salem
ORD-2026-0239,2026-05-23,Saturday,23:56,Riyadh Olaya,Delivery,,Chocolate Lava Cake,2,Desserts,1,32.0,32.0,3.2,28.8,Mada,Ahmed Ali
ORD-2026-0240,2026-01-22,Thursday,12:59,Jeddah Main,Delivery,,Cheesecake,5,Desserts,4,30.0,120.0,12.0,108.0,Cash,Sultan Hassan
ORD-2026-0241,2026-03-09,Monday,13:10,Jeddah Main,Takeaway,,Mojito Lime,2,Drinks,3,18.0,54.0,5.4,48.6,Credit Card,Fahad Saeed
ORD-2026-0242,2026-03-16,Monday,21:14,Riyadh Olaya,Dine-in,13.0,Cheesecake,5,Desserts,3,30.0,90.0,13.5,76.5,Mada,Mohammed Khaled
ORD-2026-0243,2026-01-01,Thursday,23:43,Riyadh Olaya,Takeaway,,Cheesecake,5,Desserts,3,30.0,90.0,0.0,90.0,Cash,Mohammed Khaled
ORD-2026-0244,2026-04-05,Sunday,12:36,Riyadh Olaya,Takeaway,,Cheesecake,5,Desserts,1,30.0,30.0,0.0,30.0,Mada,Fahad Saeed
ORD-2026-0245,2026-06-28,Sunday,20:01,Riyadh Olaya,Takeaway,,Chicken Burger,4,Main Course,2,35.0,70.0,0.0,70.0,Cash,Omar Salem
ORD-2026-0246,2026-06-25,Thursday,19:22,Jeddah Main,Dine-in,6.0,Mojito Lime,2,Drinks,3,18.0,54.0,0.0,54.0,Mada,Sultan Hassan
ORD-2026-0247,2026-05-17,Sunday,18:10,Jeddah Main,Delivery,,Grilled Salmon,5,Main Course,1,85.0,85.0,0.0,85.0,Mada,Omar Salem
ORD-2026-0248,2026-03-04,Wednesday,23:38,Dammam Corniche,Takeaway,,Dynamite Shrimp,5,Appetizers,2,42.0,84.0,12.6,71.4,Credit Card,Sultan Hassan
ORD-2026-0249,2026-06-07,Sunday,12:01,Dammam Corniche,Dine-in,13.0,Burger Beef,5,Main Course,2,45.0,90.0,9.0,81.0,Credit Card,Omar Salem
ORD-2026-0250,2026-01-27,Tuesday,14:23,Dammam Corniche,Takeaway,,Chicken Burger,4,Main Course,1,35.0,35.0,5.25,29.75,Cash,Omar Salem
ORD-2026-0251,2026-02-27,Friday,12:59,Riyadh Olaya,Takeaway,,Fresh Orange Juice,4,Drinks,1,16.0,16.0,0.0,16.0,Mada,Mohammed Khaled
ORD-2026-0252,2026-02-22,Sunday,22:40,Dammam Corniche,Dine-in,16.0,Dynamite Shrimp,4,Appetizers,1,42.0,42.0,6.3,35.7,Cash,Sultan Hassan
ORD-2026-0253,2026-01-28,Wednesday,13:48,Dammam Corniche,Delivery,,Grilled Salmon,5,Main Course,1,85.0,85.0,0.0,85.0,Mada,Ahmed Ali
ORD-2026-0254,2026-04-02,Thursday,23:48,Riyadh Olaya,Takeaway,,Burger Beef,3,Main Course,3,45.0,135.0,0.0,135.0,Cash,Omar Salem
ORD-2026-0255,2026-03-27,Friday,20:27,Jeddah Main,Delivery,,Chicken Burger,4,Main Course,1,35.0,35.0,0.0,35.0,Cash,Sultan Hassan
ORD-2026-0256,2026-04-11,Saturday,23:36,Jeddah Main,Takeaway,,Grilled Salmon,3,Main Course,3,85.0,255.0,38.25,216.75,Mada,Sultan Hassan
ORD-2026-0257,2026-01-28,Wednesday,12:17,Jeddah Main,Takeaway,,Cheesecake,1,Desserts,4,30.0,120.0,12.0,108.0,Credit Card,Mohammed Khaled
ORD-2026-0258,2026-03-05,Thursday,21:10,Dammam Corniche,Delivery,,Chocolate Lava Cake,5,Desserts,1,32.0,32.0,0.0,32.0,Credit Card,Ahmed Ali
ORD-2026-0259,2026-05-22,Friday,13:09,Jeddah Main,Takeaway,,Steak Medium,4,Main Course,3,120.0,360.0,36.0,324.0,Cash,Sultan Hassan
ORD-2026-0260,2026-04-17,Friday,22:00,Jeddah Main,Takeaway,,Mojito Lime,2,Drinks,1,18.0,18.0,1.8,16.2,Cash,Sultan Hassan
ORD-2026-0261,2026-01-19,Monday,13:25,Dammam Corniche,Delivery,,French Fries,5,Appetizers,4,15.0,60.0,9.0,51.0,Mada,Omar Salem
ORD-2026-0262,2026-04-18,Saturday,20:54,Riyadh Olaya,Dine-in,18.0,Caesar Salad,3,Appetizers,3,28.0,84.0,8.4,75.6,Credit Card,Omar Salem
ORD-2026-0263,2026-05-18,Monday,20:19,Jeddah Main,Dine-in,13.0,Cheesecake,5,Desserts,1,30.0,30.0,0.0,30.0,Mada,Fahad Saeed
ORD-2026-0264,2026-06-08,Monday,12:31,Jeddah Main,Delivery,,Fresh Orange Juice,5,Drinks,2,16.0,32.0,0.0,32.0,Cash,Omar Salem
ORD-2026-0265,2026-03-11,Wednesday,23:35,Jeddah Main,Delivery,,Mojito Lime,5,Drinks,4,18.0,72.0,10.8,61.2,Credit Card,Omar Salem
ORD-2026-0266,2026-05-24,Sunday,13:18,Jeddah Main,Dine-in,16.0,Caesar Salad,5,Appetizers,2,28.0,56.0,8.4,47.6,Credit Card,Sultan Hassan
ORD-2026-0267,2026-05-28,Thursday,23:45,Riyadh Olaya,Takeaway,,Chocolate Lava Cake,3,Desserts,4,32.0,128.0,0.0,128.0,Cash,Fahad Saeed
ORD-2026-0268,2026-01-17,Saturday,19:49,Jeddah Main,Takeaway,,Chocolate Lava Cake,4,Desserts,2,32.0,64.0,0.0,64.0,Credit Card,Mohammed Khaled
ORD-2026-0269,2026-02-22,Sunday,19:59,Riyadh Olaya,Takeaway,,Chocolate Lava Cake,5,Desserts,3,32.0,96.0,9.6,86.4,Mada,Fahad Saeed
ORD-2026-0270,2026-05-13,Wednesday,21:25,Jeddah Main,Takeaway,,Chocolate Lava Cake,2,Desserts,4,32.0,128.0,0.0,128.0,Cash,Sultan Hassan
ORD-2026-0271,2026-01-21,Wednesday,12:04,Dammam Corniche,Delivery,,Fresh Orange Juice,3,Drinks,4,16.0,64.0,9.6,54.4,Cash,Mohammed Khaled
ORD-2026-0272,2026-01-25,Sunday,22:51,Jeddah Main,Takeaway,,Chocolate Lava Cake,5,Desserts,3,32.0,96.0,14.4,81.6,Credit Card,Ahmed Ali
ORD-2026-0273,2026-05-05,Tuesday,18:36,Riyadh Olaya,Takeaway,,Soft Drink,5,Drinks,2,8.0,16.0,2.4,13.6,Credit Card,Ahmed Ali
ORD-2026-0274,2026-06-03,Wednesday,13:41,Dammam Corniche,Delivery,,Mojito Lime,1,Drinks,3,18.0,54.0,8.1,45.9,Cash,Fahad Saeed
ORD-2026-0275,2026-04-25,Saturday,19:05,Dammam Corniche,Delivery,,Dynamite Shrimp,4,Appetizers,3,42.0,126.0,0.0,126.0,Credit Card,Ahmed Ali
ORD-2026-0276,2026-06-17,Wednesday,14:23,Dammam Corniche,Dine-in,19.0,Soft Drink,2,Drinks,4,8.0,32.0,3.2,28.8,Mada,Omar Salem
ORD-2026-0277,2026-01-07,Wednesday,22:19,Dammam Corniche,Dine-in,20.0,Fresh Orange Juice,3,Drinks,4,16.0,64.0,0.0,64.0,Mada,Mohammed Khaled
ORD-2026-0278,2026-01-24,Saturday,23:40,Jeddah Main,Delivery,,Soft Drink,3,Drinks,4,8.0,32.0,0.0,32.0,Mada,Sultan Hassan
ORD-2026-0279,2026-06-11,Thursday,12:02,Riyadh Olaya,Dine-in,11.0,Fresh Orange Juice,3,Drinks,2,16.0,32.0,4.8,27.2,Credit Card,Omar Salem
ORD-2026-0280,2026-06-01,Monday,12:16,Dammam Corniche,Takeaway,,Soft Drink,4,Drinks,1,8.0,8.0,0.8,7.2,Credit Card,Fahad Saeed
ORD-2026-0281,2026-06-28,Sunday,23:48,Dammam Corniche,Delivery,,Burger Beef,5,Main Course,4,45.0,180.0,0.0,180.0,Mada,Omar Salem
ORD-2026-0282,2026-06-11,Thursday,23:05,Dammam Corniche,Dine-in,17.0,Burger Beef,5,Main Course,3,45.0,135.0,20.25,114.75,Credit Card,Sultan Hassan
ORD-2026-0283,2026-01-08,Thursday,13:09,Riyadh Olaya,Dine-in,20.0,Soft Drink,4,Drinks,4,8.0,32.0,3.2,28.8,Cash,Fahad Saeed
ORD-2026-0284,2026-03-01,Sunday,18:41,Dammam Corniche,Takeaway,,Mojito Lime,2,Drinks,3,18.0,54.0,8.1,45.9,Mada,Sultan Hassan
ORD-2026-0285,2026-01-20,Tuesday,22:45,Jeddah Main,Dine-in,6.0,Cheesecake,5,Desserts,1,30.0,30.0,3.0,27.0,Credit Card,Fahad Saeed
ORD-2026-0286,2026-03-12,Thursday,23:32,Riyadh Olaya,Delivery,,Chocolate Lava Cake,5,Desserts,4,32.0,128.0,0.0,128.0,Credit Card,Fahad Saeed
ORD-2026-0287,2026-02-03,Tuesday,22:13,Riyadh Olaya,Delivery,,Fresh Orange Juice,3,Drinks,4,16.0,64.0,9.6,54.4,Cash,Mohammed Khaled
ORD-2026-0288,2026-06-30,Tuesday,14:10,Jeddah Main,Delivery,,Chocolate Lava Cake,3,Desserts,4,32.0,128.0,0.0,128.0,Cash,Sultan Hassan
ORD-2026-0289,2026-05-29,Friday,13:52,Jeddah Main,Dine-in,9.0,French Fries,4,Appetizers,4,15.0,60.0,0.0,60.0,Cash,Fahad Saeed
ORD-2026-0290,2026-04-07,Tuesday,22:11,Dammam Corniche,Dine-in,1.0,Chicken Burger,4,Main Course,2,35.0,70.0,0.0,70.0,Cash,Fahad Saeed
ORD-2026-0291,2026-03-07,Saturday,22:17,Riyadh Olaya,Takeaway,,Soft Drink,1,Drinks,4,8.0,32.0,4.8,27.2,Cash,Mohammed Khaled
ORD-2026-0292,2026-02-08,Sunday,23:46,Dammam Corniche,Takeaway,,Chicken Burger,4,Main Course,2,35.0,70.0,0.0,70.0,Cash,Ahmed Ali
ORD-2026-0293,2026-06-27,Saturday,22:10,Riyadh Olaya,Takeaway,,Fresh Orange Juice,3,Drinks,4,16.0,64.0,9.6,54.4,Credit Card,Ahmed Ali
ORD-2026-0294,2026-06-17,Wednesday,21:28,Riyadh Olaya,Dine-in,2.0,Chocolate Lava Cake,3,Desserts,4,32.0,128.0,0.0,128.0,Mada,Mohammed Khaled
ORD-2026-0295,2026-06-13,Saturday,19:38,Riyadh Olaya,Delivery,,Soft Drink,5,Drinks,3,8.0,24.0,0.0,24.0,Credit Card,Fahad Saeed
ORD-2026-0296,2026-03-29,Sunday,19:30,Riyadh Olaya,Delivery,,Cheesecake,5,Desserts,1,30.0,30.0,0.0,30.0,Credit Card,Mohammed Khaled
ORD-2026-0297,2026-02-07,Saturday,21:36,Dammam Corniche,Dine-in,17.0,Mojito Lime,5,Drinks,4,18.0,72.0,0.0,72.0,Mada,Mohammed Khaled
ORD-2026-0298,2026-04-10,Friday,21:36,Dammam Corniche,Delivery,,Cheesecake,4,Desserts,3,30.0,90.0,0.0,90.0,Cash,Omar Salem
ORD-2026-0299,2026-01-19,Monday,23:26,Riyadh Olaya,Dine-in,7.0,Steak Medium,5,Main Course,2,120.0,240.0,24.0,216.0,Mada,Omar Salem
ORD-2026-0300,2026-04-27,Monday,23:18,Jeddah Main,Dine-in,6.0,Soft Drink,4,Drinks,1,8.0,8.0,1.2,6.8,Mada,Mohammed Khaled
ORD-2026-0301,2026-06-16,Tuesday,13:58,Jeddah Main,Delivery,,Soft Drink,4,Drinks,1,8.0,8.0,0.8,7.2,Mada,Omar Salem
ORD-2026-0302,2026-05-28,Thursday,12:07,Jeddah Main,Delivery,,Fresh Orange Juice,3,Drinks,1,16.0,16.0,2.4,13.6,Mada,Ahmed Ali
ORD-2026-0303,2026-02-04,Wednesday,18:08,Dammam Corniche,Takeaway,,Dynamite Shrimp,1,Appetizers,2,42.0,84.0,12.6,71.4,Mada,Omar Salem
ORD-2026-0304,2026-01-20,Tuesday,13:59,Riyadh Olaya,Takeaway,,Chocolate Lava Cake,4,Desserts,3,32.0,96.0,9.6,86.4,Mada,Mohammed Khaled
ORD-2026-0305,2026-04-17,Friday,13:12,Jeddah Main,Dine-in,18.0,Mojito Lime,5,Drinks,3,18.0,54.0,0.0,54.0,Mada,Sultan Hassan
ORD-2026-0306,2026-02-27,Friday,14:02,Jeddah Main,Dine-in,18.0,Grilled Salmon,3,Main Course,4,85.0,340.0,0.0,340.0,Credit Card,Ahmed Ali
ORD-2026-0307,2026-01-26,Monday,14:53,Jeddah Main,Takeaway,,Mojito Lime,5,Drinks,2,18.0,36.0,5.4,30.6,Mada,Sultan Hassan
ORD-2026-0308,2026-05-21,Thursday,20:34,Jeddah Main,Dine-in,13.0,Caesar Salad,5,Appetizers,3,28.0,84.0,12.6,71.4,Mada,Mohammed Khaled
ORD-2026-0309,2026-06-06,Saturday,20:43,Jeddah Main,Takeaway,,Soft Drink,4,Drinks,2,8.0,16.0,2.4,13.6,Credit Card,Mohammed Khaled
ORD-2026-0310,2026-06-21,Sunday,19:49,Dammam Corniche,Delivery,,Dynamite Shrimp,3,Appetizers,2,42.0,84.0,12.6,71.4,Cash,Ahmed Ali
ORD-2026-0311,2026-04-13,Monday,23:23,Riyadh Olaya,Takeaway,,Burger Beef,5,Main Course,1,45.0,45.0,6.75,38.25,Cash,Fahad Saeed
ORD-2026-0312,2026-04-24,Friday,21:47,Riyadh Olaya,Dine-in,18.0,Cheesecake,4,Desserts,4,30.0,120.0,12.0,108.0,Cash,Fahad Saeed
ORD-2026-0313,2026-06-14,Sunday,13:25,Jeddah Main,Delivery,,Dynamite Shrimp,4,Appetizers,4,42.0,168.0,0.0,168.0,Credit Card,Mohammed Khaled
ORD-2026-0314,2026-01-03,Saturday,12:59,Riyadh Olaya,Dine-in,20.0,Chocolate Lava Cake,4,Desserts,2,32.0,64.0,6.4,57.6,Cash,Ahmed Ali
ORD-2026-0315,2026-03-19,Thursday,12:00,Riyadh Olaya,Takeaway,,Dynamite Shrimp,5,Appetizers,1,42.0,42.0,0.0,42.0,Credit Card,Fahad Saeed
ORD-2026-0316,2026-05-24,Sunday,21:25,Jeddah Main,Takeaway,,Cheesecake,2,Desserts,2,30.0,60.0,0.0,60.0,Cash,Sultan Hassan
ORD-2026-0317,2026-01-24,Saturday,19:55,Riyadh Olaya,Takeaway,,Caesar Salad,3,Appetizers,2,28.0,56.0,5.6,50.4,Credit Card,Ahmed Ali
ORD-2026-0318,2026-06-07,Sunday,23:28,Dammam Corniche,Dine-in,7.0,Chocolate Lava Cake,3,Desserts,2,32.0,64.0,9.6,54.4,Mada,Fahad Saeed
ORD-2026-0319,2026-01-24,Saturday,18:08,Riyadh Olaya,Dine-in,12.0,Grilled Salmon,4,Main Course,3,85.0,255.0,0.0,255.0,Mada,Mohammed Khaled
ORD-2026-0320,2026-01-03,Saturday,14:13,Riyadh Olaya,Delivery,,Dynamite Shrimp,5,Appetizers,3,42.0,126.0,18.9,107.1,Cash,Mohammed Khaled
ORD-2026-0321,2026-01-15,Thursday,19:53,Jeddah Main,Dine-in,16.0,French Fries,4,Appetizers,4,15.0,60.0,0.0,60.0,Mada,Mohammed Khaled
ORD-2026-0322,2026-01-13,Tuesday,13:39,Dammam Corniche,Takeaway,,Cheesecake,4,Desserts,1,30.0,30.0,0.0,30.0,Mada,Omar Salem
ORD-2026-0323,2026-06-10,Wednesday,19:50,Jeddah Main,Dine-in,5.0,Mojito Lime,5,Drinks,2,18.0,36.0,0.0,36.0,Cash,Fahad Saeed
ORD-2026-0324,2026-03-01,Sunday,14:58,Riyadh Olaya,Takeaway,,Steak Medium,3,Main Course,1,120.0,120.0,0.0,120.0,Credit Card,Sultan Hassan
ORD-2026-0325,2026-02-13,Friday,18:36,Jeddah Main,Takeaway,,Chocolate Lava Cake,2,Desserts,2,32.0,64.0,6.4,57.6,Mada,Mohammed Khaled
ORD-2026-0326,2026-04-10,Friday,21:13,Riyadh Olaya,Delivery,,Steak Medium,5,Main Course,3,120.0,360.0,0.0,360.0,Credit Card,Mohammed Khaled
ORD-2026-0327,2026-02-19,Thursday,23:05,Jeddah Main,Takeaway,,Dynamite Shrimp,3,Appetizers,2,42.0,84.0,0.0,84.0,Credit Card,Mohammed Khaled
ORD-2026-0328,2026-05-10,Sunday,18:35,Riyadh Olaya,Takeaway,,Chicken Burger,1,Main Course,3,35.0,105.0,0.0,105.0,Cash,Omar Salem
ORD-2026-0329,2026-04-13,Monday,13:12,Jeddah Main,Takeaway,,Fresh Orange Juice,4,Drinks,1,16.0,16.0,0.0,16.0,Credit Card,Ahmed Ali
ORD-2026-0330,2026-03-21,Saturday,18:55,Jeddah Main,Dine-in,15.0,Mojito Lime,5,Drinks,4,18.0,72.0,10.8,61.2,Cash,Mohammed Khaled
ORD-2026-0331,2026-03-09,Monday,19:35,Dammam Corniche,Delivery,,French Fries,5,Appetizers,2,15.0,30.0,3.0,27.0,Mada,Mohammed Khaled
ORD-2026-0332,2026-01-01,Thursday,18:19,Dammam Corniche,Dine-in,6.0,Dynamite Shrimp,5,Appetizers,1,42.0,42.0,0.0,42.0,Cash,Ahmed Ali
ORD-2026-0333,2026-02-18,Wednesday,23:28,Dammam Corniche,Takeaway,,Steak Medium,4,Main Course,4,120.0,480.0,72.0,408.0,Cash,Mohammed Khaled
ORD-2026-0334,2026-04-26,Sunday,12:16,Riyadh Olaya,Dine-in,18.0,Cheesecake,5,Desserts,2,30.0,60.0,0.0,60.0,Credit Card,Fahad Saeed
ORD-2026-0335,2026-04-14,Tuesday,19:39,Jeddah Main,Takeaway,,French Fries,5,Appetizers,4,15.0,60.0,0.0,60.0,Credit Card,Omar Salem
ORD-2026-0336,2026-05-03,Sunday,20:17,Riyadh Olaya,Delivery,,Chicken Burger,4,Main Course,3,35.0,105.0,0.0,105.0,Mada,Mohammed Khaled
ORD-2026-0337,2026-02-11,Wednesday,13:26,Dammam Corniche,Dine-in,12.0,Chocolate Lava Cake,5,Desserts,2,32.0,64.0,0.0,64.0,Cash,Sultan Hassan
ORD-2026-0338,2026-05-15,Friday,12:36,Jeddah Main,Takeaway,,Chocolate Lava Cake,4,Desserts,2,32.0,64.0,9.6,54.4,Mada,Ahmed Ali
ORD-2026-0339,2026-01-31,Saturday,14:04,Riyadh Olaya,Delivery,,Burger Beef,4,Main Course,2,45.0,90.0,0.0,90.0,Cash,Mohammed Khaled
ORD-2026-0340,2026-03-26,Thursday,19:33,Riyadh Olaya,Takeaway,,Mojito Lime,4,Drinks,1,18.0,18.0,1.8,16.2,Mada,Sultan Hassan
ORD-2026-0341,2026-05-01,Friday,23:40,Dammam Corniche,Delivery,,Chocolate Lava Cake,2,Desserts,3,32.0,96.0,14.4,81.6,Mada,Omar Salem
ORD-2026-0342,2026-04-23,Thursday,12:21,Jeddah Main,Takeaway,,Cheesecake,5,Desserts,1,30.0,30.0,4.5,25.5,Mada,Fahad Saeed
ORD-2026-0343,2026-03-03,Tuesday,21:50,Dammam Corniche,Delivery,,Dynamite Shrimp,2,Appetizers,4,42.0,168.0,0.0,168.0,Cash,Omar Salem
ORD-2026-0344,2026-03-09,Monday,19:01,Jeddah Main,Delivery,,Cheesecake,5,Desserts,1,30.0,30.0,0.0,30.0,Credit Card,Ahmed Ali
ORD-2026-0345,2026-01-30,Friday,21:45,Jeddah Main,Delivery,,Dynamite Shrimp,1,Appetizers,3,42.0,126.0,12.6,113.4,Mada,Ahmed Ali
ORD-2026-0346,2026-04-13,Monday,22:01,Jeddah Main,Delivery,,Chocolate Lava Cake,5,Desserts,3,32.0,96.0,14.4,81.6,Credit Card,Omar Salem
ORD-2026-0347,2026-03-26,Thursday,20:47,Riyadh Olaya,Takeaway,,Fresh Orange Juice,4,Drinks,4,16.0,64.0,0.0,64.0,Mada,Omar Salem
ORD-2026-0348,2026-05-17,Sunday,20:40,Jeddah Main,Dine-in,20.0,Caesar Salad,5,Appetizers,1,28.0,28.0,0.0,28.0,Mada,Sultan Hassan
ORD-2026-0349,2026-06-10,Wednesday,12:12,Dammam Corniche,Dine-in,15.0,French Fries,4,Appetizers,4,15.0,60.0,9.0,51.0,Credit Card,Sultan Hassan
ORD-2026-0350,2026-06-21,Sunday,20:53,Dammam Corniche,Delivery,,Cheesecake,5,Desserts,4,30.0,120.0,18.0,102.0,Mada,Fahad Saeed
ORD-2026-0351,2026-05-07,Thursday,14:31,Jeddah Main,Takeaway,,Caesar Salad,5,Appetizers,4,28.0,112.0,11.2,100.8,Mada,Mohammed Khaled
ORD-2026-0352,2026-03-18,Wednesday,12:22,Dammam Corniche,Takeaway,,Chocolate Lava Cake,3,Desserts,2,32.0,64.0,0.0,64.0,Cash,Ahmed Ali
ORD-2026-0353,2026-01-04,Sunday,22:56,Riyadh Olaya,Takeaway,,Cheesecake,4,Desserts,3,30.0,90.0,13.5,76.5,Cash,Ahmed Ali
ORD-2026-0354,2026-06-22,Monday,22:24,Riyadh Olaya,Delivery,,Dynamite Shrimp,5,Appetizers,2,42.0,84.0,8.4,75.6,Credit Card,Sultan Hassan
ORD-2026-0355,2026-02-01,Sunday,23:48,Jeddah Main,Delivery,,Soft Drink,2,Drinks,3,8.0,24.0,0.0,24.0,Cash,Omar Salem
ORD-2026-0356,2026-03-13,Friday,18:35,Riyadh Olaya,Dine-in,19.0,Cheesecake,1,Desserts,4,30.0,120.0,0.0,120.0,Mada,Sultan Hassan
ORD-2026-0357,2026-03-16,Monday,13:09,Dammam Corniche,Takeaway,,Fresh Orange Juice,3,Drinks,3,16.0,48.0,4.8,43.2,Mada,Mohammed Khaled
ORD-2026-0358,2026-04-08,Wednesday,19:29,Dammam Corniche,Dine-in,16.0,Chocolate Lava Cake,4,Desserts,3,32.0,96.0,0.0,96.0,Credit Card,Fahad Saeed
ORD-2026-0359,2026-01-09,Friday,21:37,Jeddah Main,Takeaway,,Fresh Orange Juice,5,Drinks,3,16.0,48.0,0.0,48.0,Mada,Fahad Saeed
ORD-2026-0360,2026-04-26,Sunday,22:42,Dammam Corniche,Delivery,,Grilled Salmon,4,Main Course,1,85.0,85.0,12.75,72.25,Cash,Ahmed Ali
ORD-2026-0361,2026-03-26,Thursday,22:11,Riyadh Olaya,Delivery,,Burger Beef,2,Main Course,4,45.0,180.0,0.0,180.0,Credit Card,Omar Salem
ORD-2026-0362,2026-04-15,Wednesday,20:18,Riyadh Olaya,Dine-in,6.0,Chocolate Lava Cake,4,Desserts,3,32.0,96.0,9.6,86.4,Mada,Ahmed Ali
ORD-2026-0363,2026-04-15,Wednesday,14:48,Riyadh Olaya,Delivery,,Burger Beef,3,Main Course,3,45.0,135.0,0.0,135.0,Cash,Mohammed Khaled
ORD-2026-0364,2026-05-09,Saturday,14:55,Dammam Corniche,Takeaway,,French Fries,5,Appetizers,3,15.0,45.0,4.5,40.5,Mada,Ahmed Ali
ORD-2026-0365,2026-02-03,Tuesday,14:37,Dammam Corniche,Takeaway,,Cheesecake,4,Desserts,2,30.0,60.0,9.0,51.0,Cash,Fahad Saeed
ORD-2026-0366,2026-01-16,Friday,12:39,Riyadh Olaya,Delivery,,Fresh Orange Juice,5,Drinks,2,16.0,32.0,0.0,32.0,Credit Card,Omar Salem
ORD-2026-0367,2026-01-18,Sunday,23:36,Riyadh Olaya,Dine-in,4.0,Burger Beef,5,Main Course,2,45.0,90.0,0.0,90.0,Credit Card,Sultan Hassan
ORD-2026-0368,2026-02-15,Sunday,19:23,Jeddah Main,Dine-in,5.0,Chicken Burger,5,Main Course,3,35.0,105.0,10.5,94.5,Cash,Sultan Hassan
ORD-2026-0369,2026-06-11,Thursday,18:05,Jeddah Main,Takeaway,,Cheesecake,4,Desserts,3,30.0,90.0,0.0,90.0,Mada,Sultan Hassan
ORD-2026-0370,2026-03-07,Saturday,19:18,Riyadh Olaya,Takeaway,,Cheesecake,5,Desserts,4,30.0,120.0,0.0,120.0,Credit Card,Omar Salem
ORD-2026-0371,2026-05-19,Tuesday,23:17,Dammam Corniche,Dine-in,16.0,Dynamite Shrimp,5,Appetizers,2,42.0,84.0,0.0,84.0,Credit Card,Mohammed Khaled
ORD-2026-0372,2026-02-02,Monday,18:48,Jeddah Main,Delivery,,French Fries,4,Appetizers,2,15.0,30.0,3.0,27.0,Cash,Sultan Hassan
ORD-2026-0373,2026-06-22,Monday,23:25,Dammam Corniche,Takeaway,,Grilled Salmon,4,Main Course,3,85.0,255.0,25.5,229.5,Mada,Omar Salem
ORD-2026-0374,2026-04-08,Wednesday,21:17,Jeddah Main,Delivery,,Cheesecake,2,Desserts,4,30.0,120.0,12.0,108.0,Credit Card,Sultan Hassan
ORD-2026-0375,2026-04-02,Thursday,18:09,Dammam Corniche,Dine-in,6.0,Caesar Salad,3,Appetizers,1,28.0,28.0,0.0,28.0,Mada,Fahad Saeed
ORD-2026-0376,2026-02-22,Sunday,23:12,Riyadh Olaya,Dine-in,13.0,Grilled Salmon,4,Main Course,4,85.0,340.0,0.0,340.0,Credit Card,Fahad Saeed
ORD-2026-0377,2026-04-07,Tuesday,19:08,Riyadh Olaya,Takeaway,,Cheesecake,5,Desserts,2,30.0,60.0,0.0,60.0,Mada,Ahmed Ali
ORD-2026-0378,2026-01-28,Wednesday,23:33,Riyadh Olaya,Delivery,,Grilled Salmon,4,Main Course,2,85.0,170.0,25.5,144.5,Cash,Sultan Hassan
ORD-2026-0379,2026-06-18,Thursday,18:57,Riyadh Olaya,Dine-in,14.0,Burger Beef,4,Main Course,2,45.0,90.0,13.5,76.5,Mada,Sultan Hassan
ORD-2026-0380,2026-04-22,Wednesday,14:49,Riyadh Olaya,Dine-in,7.0,French Fries,5,Appetizers,3,15.0,45.0,0.0,45.0,Credit Card,Fahad Saeed
ORD-2026-0381,2026-04-06,Monday,22:39,Jeddah Main,Delivery,,Cheesecake,3,Desserts,4,30.0,120.0,18.0,102.0,Cash,Sultan Hassan
ORD-2026-0382,2026-06-21,Sunday,12:14,Dammam Corniche,Dine-in,6.0,French Fries,3,Appetizers,2,15.0,30.0,4.5,25.5,Mada,Ahmed Ali
ORD-2026-0383,2026-06-14,Sunday,19:52,Dammam Corniche,Dine-in,10.0,Steak Medium,5,Main Course,1,120.0,120.0,0.0,120.0,Mada,Ahmed Ali
ORD-2026-0384,2026-06-30,Tuesday,19:26,Jeddah Main,Takeaway,,Chicken Burger,5,Main Course,4,35.0,140.0,0.0,140.0,Credit Card,Omar Salem
ORD-2026-0385,2026-03-02,Monday,23:44,Dammam Corniche,Takeaway,,Mojito Lime,1,Drinks,2,18.0,36.0,5.4,30.6,Mada,Fahad Saeed
ORD-2026-0386,2026-04-06,Monday,23:23,Dammam Corniche,Takeaway,,French Fries,4,Appetizers,4,15.0,60.0,6.0,54.0,Credit Card,Fahad Saeed
ORD-2026-0387,2026-03-16,Monday,23:05,Jeddah Main,Delivery,,Chicken Burger,3,Main Course,4,35.0,140.0,0.0,140.0,Credit Card,Omar Salem
ORD-2026-0388,2026-02-28,Saturday,20:47,Dammam Corniche,Takeaway,,Grilled Salmon,5,Main Course,3,85.0,255.0,38.25,216.75,Cash,Fahad Saeed
ORD-2026-0389,2026-06-24,Wednesday,14:35,Riyadh Olaya,Delivery,,Burger Beef,1,Main Course,1,45.0,45.0,6.75,38.25,Mada,Ahmed Ali
ORD-2026-0390,2026-06-10,Wednesday,20:52,Riyadh Olaya,Dine-in,12.0,French Fries,5,Appetizers,1,15.0,15.0,0.0,15.0,Cash,Fahad Saeed
ORD-2026-0391,2026-04-01,Wednesday,20:57,Riyadh Olaya,Delivery,,Dynamite Shrimp,4,Appetizers,3,42.0,126.0,18.9,107.1,Credit Card,Sultan Hassan
ORD-2026-0392,2026-06-19,Friday,13:26,Jeddah Main,Takeaway,,French Fries,5,Appetizers,4,15.0,60.0,0.0,60.0,Cash,Mohammed Khaled
ORD-2026-0393,2026-06-14,Sunday,21:11,Riyadh Olaya,Dine-in,3.0,Chocolate Lava Cake,5,Desserts,3,32.0,96.0,14.4,81.6,Cash,Ahmed Ali
ORD-2026-0394,2026-02-06,Friday,21:19,Jeddah Main,Delivery,,Chocolate Lava Cake,2,Desserts,2,32.0,64.0,0.0,64.0,Mada,Mohammed Khaled
ORD-2026-0395,2026-03-01,Sunday,13:10,Jeddah Main,Takeaway,,Steak Medium,5,Main Course,4,120.0,480.0,0.0,480.0,Credit Card,Omar Salem
ORD-2026-0396,2026-03-25,Wednesday,13:30,Jeddah Main,Dine-in,19.0,Burger Beef,2,Main Course,3,45.0,135.0,0.0,135.0,Mada,Sultan Hassan
ORD-2026-0397,2026-03-02,Monday,14:24,Riyadh Olaya,Dine-in,5.0,Fresh Orange Juice,5,Drinks,1,16.0,16.0,1.6,14.4,Credit Card,Sultan Hassan
ORD-2026-0398,2026-04-10,Friday,20:48,Jeddah Main,Dine-in,10.0,Grilled Salmon,4,Main Course,3,85.0,255.0,0.0,255.0,Credit Card,Omar Salem
ORD-2026-0399,2026-04-05,Sunday,14:13,Riyadh Olaya,Delivery,,Grilled Salmon,5,Main Course,1,85.0,85.0,12.75,72.25,Credit Card,Ahmed Ali
ORD-2026-0400,2026-06-16,Tuesday,23:58,Riyadh Olaya,Delivery,,Soft Drink,5,Drinks,3,8.0,24.0,0.0,24.0,Mada,Omar Salem
ORD-2026-0401,2026-06-11,Thursday,23:18,Riyadh Olaya,Dine-in,18.0,Fresh Orange Juice,3,Drinks,2,16.0,32.0,0.0,32.0,Credit Card,Fahad Saeed
ORD-2026-0402,2026-01-10,Saturday,21:30,Dammam Corniche,Delivery,,Dynamite Shrimp,4,Appetizers,4,42.0,168.0,16.8,151.2,Mada,Omar Salem
ORD-2026-0403,2026-01-19,Monday,12:35,Jeddah Main,Dine-in,5.0,Dynamite Shrimp,4,Appetizers,3,42.0,126.0,18.9,107.1,Mada,Omar Salem
ORD-2026-0404,2026-06-05,Friday,20:14,Dammam Corniche,Dine-in,9.0,Grilled Salmon,4,Main Course,1,85.0,85.0,0.0,85.0,Credit Card,Mohammed Khaled
ORD-2026-0405,2026-02-12,Thursday,20:20,Jeddah Main,Delivery,,Burger Beef,3,Main Course,2,45.0,90.0,9.0,81.0,Credit Card,Ahmed Ali
ORD-2026-0406,2026-03-28,Saturday,22:33,Riyadh Olaya,Takeaway,,Steak Medium,4,Main Course,2,120.0,240.0,36.0,204.0,Credit Card,Omar Salem
ORD-2026-0407,2026-01-24,Saturday,12:22,Riyadh Olaya,Dine-in,2.0,Soft Drink,1,Drinks,3,8.0,24.0,0.0,24.0,Mada,Fahad Saeed
ORD-2026-0408,2026-06-24,Wednesday,12:01,Dammam Corniche,Takeaway,,Dynamite Shrimp,5,Appetizers,1,42.0,42.0,0.0,42.0,Credit Card,Sultan Hassan
ORD-2026-0409,2026-06-04,Thursday,18:22,Riyadh Olaya,Takeaway,,Steak Medium,3,Main Course,3,120.0,360.0,0.0,360.0,Mada,Mohammed Khaled
ORD-2026-0410,2026-02-13,Friday,22:17,Riyadh Olaya,Takeaway,,Cheesecake,4,Desserts,2,30.0,60.0,0.0,60.0,Credit Card,Mohammed Khaled
ORD-2026-0411,2026-06-29,Monday,20:32,Dammam Corniche,Takeaway,,Steak Medium,3,Main Course,4,120.0,480.0,72.0,408.0,Cash,Ahmed Ali
ORD-2026-0412,2026-01-27,Tuesday,13:00,Dammam Corniche,Delivery,,Dynamite Shrimp,4,Appetizers,1,42.0,42.0,0.0,42.0,Mada,Ahmed Ali
ORD-2026-0413,2026-02-23,Monday,23:36,Riyadh Olaya,Dine-in,7.0,Mojito Lime,3,Drinks,2,18.0,36.0,3.6,32.4,Credit Card,Fahad Saeed
ORD-2026-0414,2026-03-08,Sunday,18:11,Riyadh Olaya,Dine-in,2.0,Steak Medium,5,Main Course,2,120.0,240.0,24.0,216.0,Cash,Mohammed Khaled
ORD-2026-0415,2026-01-31,Saturday,18:54,Jeddah Main,Dine-in,9.0,French Fries,3,Appetizers,4,15.0,60.0,9.0,51.0,Cash,Ahmed Ali
ORD-2026-0416,2026-03-07,Saturday,23:23,Jeddah Main,Takeaway,,Caesar Salad,2,Appetizers,4,28.0,112.0,0.0,112.0,Mada,Ahmed Ali
ORD-2026-0417,2026-03-18,Wednesday,23:40,Jeddah Main,Delivery,,Burger Beef,4,Main Course,1,45.0,45.0,4.5,40.5,Cash,Ahmed Ali
ORD-2026-0418,2026-05-27,Wednesday,19:47,Jeddah Main,Delivery,,Burger Beef,2,Main Course,2,45.0,90.0,13.5,76.5,Credit Card,Omar Salem
ORD-2026-0419,2026-02-14,Saturday,21:10,Dammam Corniche,Delivery,,Steak Medium,4,Main Course,1,120.0,120.0,0.0,120.0,Credit Card,Omar Salem
ORD-2026-0420,2026-03-12,Thursday,20:43,Dammam Corniche,Takeaway,,Fresh Orange Juice,5,Drinks,3,16.0,48.0,7.2,40.8,Cash,Ahmed Ali
ORD-2026-0421,2026-04-04,Saturday,12:24,Dammam Corniche,Takeaway,,Caesar Salad,5,Appetizers,1,28.0,28.0,2.8,25.2,Mada,Fahad Saeed
ORD-2026-0422,2026-01-21,Wednesday,22:24,Dammam Corniche,Delivery,,Burger Beef,5,Main Course,2,45.0,90.0,13.5,76.5,Mada,Ahmed Ali
ORD-2026-0423,2026-05-29,Friday,23:58,Jeddah Main,Takeaway,,Steak Medium,5,Main Course,1,120.0,120.0,0.0,120.0,Credit Card,Mohammed Khaled
ORD-2026-0424,2026-01-29,Thursday,22:12,Riyadh Olaya,Dine-in,3.0,French Fries,4,Appetizers,3,15.0,45.0,6.75,38.25,Cash,Ahmed Ali
ORD-2026-0425,2026-02-20,Friday,23:38,Jeddah Main,Dine-in,2.0,Soft Drink,4,Drinks,1,8.0,8.0,0.0,8.0,Cash,Omar Salem
ORD-2026-0426,2026-06-24,Wednesday,18:28,Dammam Corniche,Takeaway,,Chocolate Lava Cake,3,Desserts,4,32.0,128.0,12.8,115.2,Mada,Ahmed Ali
ORD-2026-0427,2026-03-07,Saturday,13:42,Jeddah Main,Delivery,,Soft Drink,2,Drinks,2,8.0,16.0,0.0,16.0,Cash,Mohammed Khaled
ORD-2026-0428,2026-03-31,Tuesday,13:14,Dammam Corniche,Dine-in,10.0,Cheesecake,1,Desserts,3,30.0,90.0,13.5,76.5,Cash,Mohammed Khaled
ORD-2026-0429,2026-06-05,Friday,12:21,Dammam Corniche,Dine-in,18.0,Mojito Lime,5,Drinks,1,18.0,18.0,2.7,15.3,Credit Card,Sultan Hassan
ORD-2026-0430,2026-03-24,Tuesday,12:44,Jeddah Main,Delivery,,Caesar Salad,5,Appetizers,3,28.0,84.0,0.0,84.0,Credit Card,Ahmed Ali
ORD-2026-0431,2026-02-26,Thursday,18:57,Jeddah Main,Takeaway,,Chicken Burger,4,Main Course,4,35.0,140.0,0.0,140.0,Mada,Sultan Hassan
ORD-2026-0432,2026-03-02,Monday,19:08,Riyadh Olaya,Takeaway,,Burger Beef,4,Main Course,1,45.0,45.0,0.0,45.0,Cash,Ahmed Ali
ORD-2026-0433,2026-02-07,Saturday,19:31,Jeddah Main,Delivery,,Chocolate Lava Cake,4,Desserts,4,32.0,128.0,0.0,128.0,Mada,Ahmed Ali
ORD-2026-0434,2026-05-08,Friday,12:04,Dammam Corniche,Takeaway,,Fresh Orange Juice,5,Drinks,1,16.0,16.0,0.0,16.0,Credit Card,Fahad Saeed
ORD-2026-0435,2026-06-29,Monday,18:20,Dammam Corniche,Dine-in,1.0,Soft Drink,4,Drinks,2,8.0,16.0,2.4,13.6,Cash,Fahad Saeed
ORD-2026-0436,2026-05-13,Wednesday,13:08,Jeddah Main,Takeaway,,Mojito Lime,5,Drinks,3,18.0,54.0,5.4,48.6,Mada,Mohammed Khaled
ORD-2026-0437,2026-02-22,Sunday,22:26,Riyadh Olaya,Takeaway,,Mojito Lime,5,Drinks,4,18.0,72.0,7.2,64.8,Cash,Mohammed Khaled
ORD-2026-0438,2026-04-05,Sunday,22:16,Dammam Corniche,Takeaway,,Dynamite Shrimp,5,Appetizers,3,42.0,126.0,0.0,126.0,Credit Card,Ahmed Ali
ORD-2026-0439,2026-04-30,Thursday,19:43,Riyadh Olaya,Takeaway,,Fresh Orange Juice,5,Drinks,3,16.0,48.0,0.0,48.0,Cash,Mohammed Khaled
ORD-2026-0440,2026-03-20,Friday,18:00,Riyadh Olaya,Delivery,,Chocolate Lava Cake,4,Desserts,2,32.0,64.0,9.6,54.4,Credit Card,Sultan Hassan
ORD-2026-0441,2026-06-16,Tuesday,18:56,Riyadh Olaya,Delivery,,Burger Beef,5,Main Course,3,45.0,135.0,13.5,121.5,Credit Card,Sultan Hassan
ORD-2026-0442,2026-02-06,Friday,23:17,Dammam Corniche,Dine-in,18.0,Caesar Salad,4,Appetizers,4,28.0,112.0,11.2,100.8,Cash,Fahad Saeed
ORD-2026-0443,2026-03-31,Tuesday,21:34,Dammam Corniche,Delivery,,Chicken Burger,5,Main Course,4,35.0,140.0,0.0,140.0,Credit Card,Fahad Saeed
ORD-2026-0444,2026-04-05,Sunday,23:21,Dammam Corniche,Delivery,,Grilled Salmon,5,Main Course,4,85.0,340.0,51.0,289.0,Cash,Mohammed Khaled
ORD-2026-0445,2026-04-04,Saturday,18:03,Dammam Corniche,Takeaway,,Fresh Orange Juice,2,Drinks,4,16.0,64.0,9.6,54.4,Cash,Sultan Hassan
ORD-2026-0446,2026-03-06,Friday,22:32,Jeddah Main,Delivery,,Mojito Lime,4,Drinks,4,18.0,72.0,10.8,61.2,Credit Card,Ahmed Ali
ORD-2026-0447,2026-06-16,Tuesday,18:48,Dammam Corniche,Delivery,,Mojito Lime,5,Drinks,4,18.0,72.0,7.2,64.8,Cash,Mohammed Khaled
ORD-2026-0448,2026-02-10,Tuesday,21:10,Jeddah Main,Delivery,,Chocolate Lava Cake,4,Desserts,2,32.0,64.0,0.0,64.0,Cash,Mohammed Khaled
ORD-2026-0449,2026-01-31,Saturday,12:28,Dammam Corniche,Delivery,,Soft Drink,5,Drinks,4,8.0,32.0,0.0,32.0,Cash,Omar Salem
ORD-2026-0450,2026-06-27,Saturday,21:19,Jeddah Main,Takeaway,,Dynamite Shrimp,5,Appetizers,2,42.0,84.0,0.0,84.0,Mada,Fahad Saeed
ORD-2026-0451,2026-04-29,Wednesday,19:09,Riyadh Olaya,Takeaway,,Mojito Lime,4,Drinks,1,18.0,18.0,0.0,18.0,Mada,Ahmed Ali
ORD-2026-0452,2026-01-17,Saturday,13:20,Jeddah Main,Dine-in,7.0,Burger Beef,3,Main Course,2,45.0,90.0,0.0,90.0,Cash,Sultan Hassan
ORD-2026-0453,2026-04-21,Tuesday,13:55,Jeddah Main,Takeaway,,Mojito Lime,5,Drinks,1,18.0,18.0,2.7,15.3,Credit Card,Omar Salem
ORD-2026-0454,2026-04-25,Saturday,18:32,Riyadh Olaya,Takeaway,,Chicken Burger,4,Main Course,4,35.0,140.0,21.0,119.0,Cash,Ahmed Ali
ORD-2026-0455,2026-02-19,Thursday,12:27,Dammam Corniche,Delivery,,Dynamite Shrimp,1,Appetizers,1,42.0,42.0,6.3,35.7,Cash,Omar Salem
ORD-2026-0456,2026-03-20,Friday,14:28,Dammam Corniche,Delivery,,Chocolate Lava Cake,5,Desserts,4,32.0,128.0,0.0,128.0,Credit Card,Omar Salem
ORD-2026-0457,2026-06-18,Thursday,19:19,Riyadh Olaya,Dine-in,3.0,Chocolate Lava Cake,4,Desserts,4,32.0,128.0,0.0,128.0,Cash,Sultan Hassan
ORD-2026-0458,2026-06-06,Saturday,23:35,Dammam Corniche,Takeaway,,Cheesecake,3,Desserts,1,30.0,30.0,0.0,30.0,Mada,Ahmed Ali
ORD-2026-0459,2026-02-14,Saturday,21:06,Riyadh Olaya,Takeaway,,Caesar Salad,4,Appetizers,3,28.0,84.0,0.0,84.0,Credit Card,Omar Salem
ORD-2026-0460,2026-04-09,Thursday,14:26,Riyadh Olaya,Delivery,,Fresh Orange Juice,4,Drinks,4,16.0,64.0,0.0,64.0,Cash,Sultan Hassan
ORD-2026-0461,2026-06-27,Saturday,12:59,Dammam Corniche,Delivery,,Cheesecake,5,Desserts,2,30.0,60.0,9.0,51.0,Cash,Omar Salem
ORD-2026-0462,2026-04-09,Thursday,23:59,Jeddah Main,Dine-in,7.0,Chocolate Lava Cake,3,Desserts,4,32.0,128.0,12.8,115.2,Mada,Ahmed Ali
ORD-2026-0463,2026-02-04,Wednesday,19:05,Riyadh Olaya,Delivery,,Soft Drink,4,Drinks,1,8.0,8.0,0.8,7.2,Credit Card,Ahmed Ali
ORD-2026-0464,2026-06-06,Saturday,13:45,Jeddah Main,Takeaway,,French Fries,5,Appetizers,1,15.0,15.0,1.5,13.5,Credit Card,Mohammed Khaled
ORD-2026-0465,2026-06-10,Wednesday,23:44,Riyadh Olaya,Takeaway,,Mojito Lime,5,Drinks,1,18.0,18.0,1.8,16.2,Cash,Fahad Saeed
ORD-2026-0466,2026-02-28,Saturday,21:58,Jeddah Main,Takeaway,,Fresh Orange Juice,4,Drinks,3,16.0,48.0,4.8,43.2,Mada,Omar Salem
ORD-2026-0467,2026-04-05,Sunday,22:53,Jeddah Main,Delivery,,Caesar Salad,3,Appetizers,4,28.0,112.0,0.0,112.0,Cash,Mohammed Khaled
ORD-2026-0468,2026-01-29,Thursday,23:14,Jeddah Main,Takeaway,,Steak Medium,4,Main Course,3,120.0,360.0,0.0,360.0,Credit Card,Sultan Hassan
ORD-2026-0469,2026-04-15,Wednesday,23:47,Dammam Corniche,Takeaway,,French Fries,3,Appetizers,3,15.0,45.0,6.75,38.25,Credit Card,Omar Salem
ORD-2026-0470,2026-03-15,Sunday,23:42,Dammam Corniche,Dine-in,3.0,Soft Drink,5,Drinks,1,8.0,8.0,0.8,7.2,Credit Card,Sultan Hassan
ORD-2026-0471,2026-06-13,Saturday,13:36,Dammam Corniche,Delivery,,Cheesecake,2,Desserts,2,30.0,60.0,9.0,51.0,Cash,Omar Salem
ORD-2026-0472,2026-05-21,Thursday,14:03,Jeddah Main,Delivery,,Cheesecake,4,Desserts,1,30.0,30.0,0.0,30.0,Credit Card,Ahmed Ali
ORD-2026-0473,2026-04-13,Monday,14:54,Jeddah Main,Delivery,,Mojito Lime,3,Drinks,3,18.0,54.0,0.0,54.0,Cash,Mohammed Khaled
ORD-2026-0474,2026-06-23,Tuesday,13:41,Jeddah Main,Delivery,,Burger Beef,4,Main Course,2,45.0,90.0,13.5,76.5,Credit Card,Sultan Hassan
ORD-2026-0475,2026-01-23,Friday,13:11,Dammam Corniche,Takeaway,,Chocolate Lava Cake,3,Desserts,3,32.0,96.0,0.0,96.0,Cash,Fahad Saeed
ORD-2026-0476,2026-05-12,Tuesday,14:55,Jeddah Main,Dine-in,9.0,Cheesecake,5,Desserts,2,30.0,60.0,9.0,51.0,Credit Card,Ahmed Ali
ORD-2026-0477,2026-06-17,Wednesday,20:26,Dammam Corniche,Dine-in,7.0,Fresh Orange Juice,4,Drinks,3,16.0,48.0,7.2,40.8,Cash,Ahmed Ali
ORD-2026-0478,2026-06-26,Friday,18:09,Jeddah Main,Takeaway,,Chicken Burger,4,Main Course,2,35.0,70.0,7.0,63.0,Cash,Sultan Hassan
ORD-2026-0479,2026-05-27,Wednesday,14:59,Dammam Corniche,Takeaway,,Caesar Salad,5,Appetizers,4,28.0,112.0,0.0,112.0,Cash,Fahad Saeed
ORD-2026-0480,2026-02-08,Sunday,20:00,Dammam Corniche,Delivery,,Chocolate Lava Cake,5,Desserts,1,32.0,32.0,0.0,32.0,Credit Card,Ahmed Ali
ORD-2026-0481,2026-06-26,Friday,23:32,Dammam Corniche,Takeaway,,Grilled Salmon,5,Main Course,4,85.0,340.0,0.0,340.0,Cash,Omar Salem
ORD-2026-0482,2026-03-09,Monday,19:25,Riyadh Olaya,Takeaway,,Chicken Burger,5,Main Course,3,35.0,105.0,0.0,105.0,Mada,Ahmed Ali
ORD-2026-0483,2026-01-30,Friday,22:40,Jeddah Main,Delivery,,Fresh Orange Juice,4,Drinks,2,16.0,32.0,0.0,32.0,Cash,Omar Salem
ORD-2026-0484,2026-05-10,Sunday,14:05,Jeddah Main,Dine-in,14.0,Caesar Salad,5,Appetizers,3,28.0,84.0,12.6,71.4,Credit Card,Sultan Hassan
ORD-2026-0485,2026-04-13,Monday,18:48,Riyadh Olaya,Delivery,,Cheesecake,4,Desserts,3,30.0,90.0,9.0,81.0,Mada,Ahmed Ali
ORD-2026-0486,2026-06-11,Thursday,19:11,Dammam Corniche,Dine-in,13.0,Dynamite Shrimp,5,Appetizers,1,42.0,42.0,0.0,42.0,Credit Card,Mohammed Khaled
ORD-2026-0487,2026-06-01,Monday,18:21,Riyadh Olaya,Dine-in,8.0,Mojito Lime,4,Drinks,4,18.0,72.0,0.0,72.0,Mada,Sultan Hassan
ORD-2026-0488,2026-01-20,Tuesday,13:10,Riyadh Olaya,Takeaway,,Grilled Salmon,5,Main Course,4,85.0,340.0,0.0,340.0,Credit Card,Mohammed Khaled
ORD-2026-0489,2026-04-02,Thursday,22:52,Jeddah Main,Dine-in,1.0,Dynamite Shrimp,4,Appetizers,1,42.0,42.0,6.3,35.7,Credit Card,Sultan Hassan
ORD-2026-0490,2026-01-16,Friday,19:35,Riyadh Olaya,Takeaway,,Cheesecake,1,Desserts,3,30.0,90.0,13.5,76.5,Cash,Fahad Saeed
ORD-2026-0491,2026-04-14,Tuesday,14:59,Riyadh Olaya,Takeaway,,Fresh Orange Juice,5,Drinks,4,16.0,64.0,9.6,54.4,Mada,Ahmed Ali
ORD-2026-0492,2026-03-14,Saturday,12:34,Dammam Corniche,Delivery,,Dynamite Shrimp,5,Appetizers,4,42.0,168.0,0.0,168.0,Mada,Sultan Hassan
ORD-2026-0493,2026-01-17,Saturday,21:22,Jeddah Main,Dine-in,19.0,Chocolate Lava Cake,3,Desserts,1,32.0,32.0,0.0,32.0,Cash,Mohammed Khaled
ORD-2026-0494,2026-04-25,Saturday,19:39,Dammam Corniche,Dine-in,3.0,Dynamite Shrimp,3,Appetizers,1,42.0,42.0,0.0,42.0,Mada,Ahmed Ali
ORD-2026-0495,2026-01-21,Wednesday,18:47,Dammam Corniche,Takeaway,,Chocolate Lava Cake,5,Desserts,3,32.0,96.0,0.0,96.0,Cash,Sultan Hassan
ORD-2026-0496,2026-06-28,Sunday,14:01,Jeddah Main,Dine-in,7.0,French Fries,3,Appetizers,1,15.0,15.0,0.0,15.0,Cash,Sultan Hassan
ORD-2026-0497,2026-03-26,Thursday,21:09,Dammam Corniche,Delivery,,Caesar Salad,5,Appetizers,3,28.0,84.0,0.0,84.0,Credit Card,Fahad Saeed
ORD-2026-0498,2026-04-29,Wednesday,20:21,Jeddah Main,Delivery,,Cheesecake,5,Desserts,4,30.0,120.0,0.0,120.0,Mada,Ahmed Ali
ORD-2026-0499,2026-06-27,Saturday,18:06,Jeddah Main,Takeaway,,Cheesecake,5,Desserts,1,30.0,30.0,3.0,27.0,Cash,Omar Salem
ORD-2026-0500,2026-04-20,Monday,18:54,Riyadh Olaya,Takeaway,,Dynamite Shrimp,3,Appetizers,3,42.0,126.0,12.6,113.4,Credit Card,Mohammed Khaled
